Question ID (machine readable),Response ID (machine readable),Response value,Answer requirement,Human-friendly question label
PSL_DATA_COLLECTION_COLLECTS_PERSONAL_DATA,,true,REQUIRED,앱에서 필수 사용자 데이터 유형을 수집하거나 공유하나요?
PSL_DATA_COLLECTION_ENCRYPTED_IN_TRANSIT,,true,MAYBE_REQUIRED,앱에서 수집하는 모든 사용자 데이터를 암호화하여 전송하나요?
PSL_SUPPORTED_ACCOUNT_CREATION_METHODS,PSL_ACM_USER_ID_PASSWORD,,MULTIPLE_CHOICE,다음 중 앱에서 지원하는 계정 생성 방법은 무엇인가요? 해당되는 항목을 모두 선택해 주세요./사용자 이름 및 비밀번호
PSL_SUPPORTED_ACCOUNT_CREATION_METHODS,PSL_ACM_USER_ID_OTHER_AUTH,,MULTIPLE_CHOICE,다음 중 앱에서 지원하는 계정 생성 방법은 무엇인가요? 해당되는 항목을 모두 선택해 주세요./사용자 이름 및 기타 인증
PSL_SUPPORTED_ACCOUNT_CREATION_METHODS,PSL_ACM_USER_ID_PASSWORD_OTHER_AUTH,,MULTIPLE_CHOICE,"다음 중 앱에서 지원하는 계정 생성 방법은 무엇인가요? 해당되는 항목을 모두 선택해 주세요./사용자 이름, 비밀번호, 기타 인증"
PSL_SUPPORTED_ACCOUNT_CREATION_METHODS,PSL_ACM_OAUTH,,MULTIPLE_CHOICE,다음 중 앱에서 지원하는 계정 생성 방법은 무엇인가요? 해당되는 항목을 모두 선택해 주세요./OAuth
PSL_SUPPORTED_ACCOUNT_CREATION_METHODS,PSL_ACM_OTHER,true,MULTIPLE_CHOICE,다음 중 앱에서 지원하는 계정 생성 방법은 무엇인가요? 해당되는 항목을 모두 선택해 주세요./기타
PSL_SUPPORTED_ACCOUNT_CREATION_METHODS,PSL_ACM_NONE,,MULTIPLE_CHOICE,다음 중 앱에서 지원하는 계정 생성 방법은 무엇인가요? 해당되는 항목을 모두 선택해 주세요./앱에서 사용자가 계정을 만들도록 허용하지 않음
PSL_ACM_SPECIFY,,앱 안에서 소속(교구·목장 또는 교회학교 부서·학년)과 이름을 입력해 계정을 만듭니다. 비밀번호는 없습니다.,MAYBE_REQUIRED,앱에서 지원하는 계정 생성 방법 설명
PSL_ACCOUNT_DELETION_URL,,https://gocheok.onlybible.kr/privacy/#delete,MAYBE_REQUIRED,사용자가 계정 및 관련 데이터의 삭제를 요청하는 데 사용할 수 있는 링크 추가 
PSL_SUPPORT_DATA_DELETION_BY_USER,DATA_DELETION_YES,true,SINGLE_CHOICE,사용자가 데이터 삭제를 요청할 수 있는 방편을 제공하나요?/예
PSL_SUPPORT_DATA_DELETION_BY_USER,DATA_DELETION_NO,,SINGLE_CHOICE,사용자가 데이터 삭제를 요청할 수 있는 방편을 제공하나요?/아니요
PSL_SUPPORT_DATA_DELETION_BY_USER,DATA_DELETION_NO_AUTO_DELETED,,SINGLE_CHOICE,사용자가 데이터 삭제를 요청할 수 있는 방편을 제공하나요?/아니요(하지만 사용자 데이터가 90일 이내에 자동으로 삭제됨)
PSL_DATA_DELETION_URL,,https://gocheok.onlybible.kr/privacy/#delete,MAYBE_REQUIRED,데이터 URL 삭제
PSL_DATA_COLLECTION_COMPLIES_FAMILY_POLICY,,,OPTIONAL,앱의 대상 연령대에 아동이 포함되어 있다고 지정했거나 가족을 위한 앱 프로그램을 선택한 경우에만 이 질문에 답하세요. 위 두 가지에 모두 해당한다면 Google Play 가족 정책(https://support.google.com/googleplay/android-developer/answer/9893335)을 따라야 합니다. 스토어 등록정보의 데이터 보안 섹션에서 사용자에게 이러한 약속에 대해 안내하시겠어요?
PSL_INDEPENDENTLY_VALIDATED,,,OPTIONAL,앱이 모바일 애플리케이션 보안 평가(MASA) 프레임워크에 따른 독립적인 보안 검토를 완료했나요? 검토 결과가 양호한 경우에만 '예'라고 답변하세요.
PSL_UPI_BADGE_OPT_IN,,,OPTIONAL,스토어 등록정보에 이 배지를 표시하시겠어요?
PSL_HAS_OUTSIDE_APP_ACCOUNTS,,,OPTIONAL,사용자가 앱 외부에서 만든 계정으로 앱에 로그인할 수 있나요?
PSL_OUTSIDE_APP_ACCOUNT_TYPES,PSL_LOGIN_WITH_OUTSIDE_APP_ID,,MULTIPLE_CHOICE,"계정이 어떻게 생성되나요?/앱 식별 외(예: SIM 바인딩, 서비스 정기 결제)"
PSL_OUTSIDE_APP_ACCOUNT_TYPES,PSL_LOGIN_THROUGH_EMPLOYMENT_OR_ENTERPRISE_ACCOUNT,,MULTIPLE_CHOICE,계정이 어떻게 생성되나요?/직장 또는 회사 계정을 통해
PSL_OUTSIDE_APP_ACCOUNT_TYPES,PSL_OUTSIDE_APP_ACCOUNT_TYPE_OTHER,,MULTIPLE_CHOICE,계정이 어떻게 생성되나요?/기타
PSL_OUTSIDE_APP_ACCOUNT_TYPE_SPECIFY,,,MAYBE_REQUIRED,계정이 생성되는 방법을 설명하세요.
PSL_DATA_TYPES_PERSONAL,PSL_NAME,true,MULTIPLE_CHOICE,개인 정보/이름
PSL_DATA_TYPES_PERSONAL,PSL_EMAIL,,MULTIPLE_CHOICE,개인 정보/이메일 주소
PSL_DATA_TYPES_PERSONAL,PSL_USER_ACCOUNT,true,MULTIPLE_CHOICE,개인 정보/사용자 ID
PSL_DATA_TYPES_PERSONAL,PSL_ADDRESS,,MULTIPLE_CHOICE,개인 정보/주소
PSL_DATA_TYPES_PERSONAL,PSL_PHONE,true,MULTIPLE_CHOICE,개인 정보/전화번호
PSL_DATA_TYPES_PERSONAL,PSL_RACE_ETHNICITY,,MULTIPLE_CHOICE,개인 정보/인종 및 민족
PSL_DATA_TYPES_PERSONAL,PSL_POLITICAL_RELIGIOUS,true,MULTIPLE_CHOICE,개인 정보/정치적 또는 종교적 신념
PSL_DATA_TYPES_PERSONAL,PSL_SEXUAL_ORIENTATION_GENDER_IDENTITY,,MULTIPLE_CHOICE,개인 정보/성적 지향
PSL_DATA_TYPES_PERSONAL,PSL_OTHER_PERSONAL,true,MULTIPLE_CHOICE,개인 정보/기타 정보
PSL_DATA_TYPES_FINANCIAL,PSL_CREDIT_DEBIT_BANK_ACCOUNT_NUMBER,,MULTIPLE_CHOICE,금융 정보/사용자 결제 정보
PSL_DATA_TYPES_FINANCIAL,PSL_PURCHASE_HISTORY,,MULTIPLE_CHOICE,금융 정보/구매 내역
PSL_DATA_TYPES_FINANCIAL,PSL_CREDIT_SCORE,,MULTIPLE_CHOICE,금융 정보/신용 점수
PSL_DATA_TYPES_FINANCIAL,PSL_OTHER,,MULTIPLE_CHOICE,금융 정보/기타 금융 정보
PSL_DATA_TYPES_LOCATION,PSL_APPROX_LOCATION,true,MULTIPLE_CHOICE,위치/대략적인 위치
PSL_DATA_TYPES_LOCATION,PSL_PRECISE_LOCATION,,MULTIPLE_CHOICE,위치/정확한 위치
PSL_DATA_TYPES_SEARCH_AND_BROWSING,PSL_WEB_BROWSING_HISTORY,,MULTIPLE_CHOICE,웹 탐색/웹 방문 기록
PSL_DATA_TYPES_EMAIL_AND_TEXT,PSL_EMAILS,,MULTIPLE_CHOICE,메시지/이메일
PSL_DATA_TYPES_EMAIL_AND_TEXT,PSL_SMS_CALL_LOG,,MULTIPLE_CHOICE,메시지/SMS 또는 MMS
PSL_DATA_TYPES_EMAIL_AND_TEXT,PSL_OTHER_MESSAGES,,MULTIPLE_CHOICE,메시지/기타 인앱 메시지
PSL_DATA_TYPES_PHOTOS_AND_VIDEOS,PSL_PHOTOS,true,MULTIPLE_CHOICE,사진 및 동영상/사진
PSL_DATA_TYPES_PHOTOS_AND_VIDEOS,PSL_VIDEOS,,MULTIPLE_CHOICE,사진 및 동영상/동영상
PSL_DATA_TYPES_AUDIO,PSL_AUDIO,,MULTIPLE_CHOICE,오디오 파일/음성 또는 사운드 녹음본
PSL_DATA_TYPES_AUDIO,PSL_MUSIC,,MULTIPLE_CHOICE,오디오 파일/음악 파일
PSL_DATA_TYPES_AUDIO,PSL_OTHER_AUDIO,,MULTIPLE_CHOICE,오디오 파일/기타 오디오 파일
PSL_DATA_TYPES_HEALTH_AND_FITNESS,PSL_HEALTH,,MULTIPLE_CHOICE,건강 및 피트니스/건강 정보
PSL_DATA_TYPES_HEALTH_AND_FITNESS,PSL_FITNESS,,MULTIPLE_CHOICE,건강 및 피트니스/피트니스 정보
PSL_DATA_TYPES_CONTACTS,PSL_CONTACTS,,MULTIPLE_CHOICE,연락처/연락처
PSL_DATA_TYPES_CALENDAR,PSL_CALENDAR,,MULTIPLE_CHOICE,Calendar/캘린더 일정
PSL_DATA_TYPES_APP_PERFORMANCE,PSL_CRASH_LOGS,,MULTIPLE_CHOICE,앱 정보 및 성능/비정상 종료 로그
PSL_DATA_TYPES_APP_PERFORMANCE,PSL_PERFORMANCE_DIAGNOSTICS,,MULTIPLE_CHOICE,앱 정보 및 성능/진단
PSL_DATA_TYPES_APP_PERFORMANCE,PSL_OTHER_PERFORMANCE,,MULTIPLE_CHOICE,앱 정보 및 성능/기타 앱 성능 데이터
PSL_DATA_TYPES_FILES_AND_DOCS,PSL_FILES_AND_DOCS,,MULTIPLE_CHOICE,파일 및 문서/파일 및 문서
PSL_DATA_TYPES_APP_ACTIVITY,PSL_USER_INTERACTION,true,MULTIPLE_CHOICE,앱 활동/앱 상호작용
PSL_DATA_TYPES_APP_ACTIVITY,PSL_IN_APP_SEARCH_HISTORY,,MULTIPLE_CHOICE,앱 활동/앱 내 검색 기록
PSL_DATA_TYPES_APP_ACTIVITY,PSL_APPS_ON_DEVICE,,MULTIPLE_CHOICE,앱 활동/설치된 앱
PSL_DATA_TYPES_APP_ACTIVITY,PSL_USER_GENERATED_CONTENT,true,MULTIPLE_CHOICE,앱 활동/기타 사용자 제작 콘텐츠
PSL_DATA_TYPES_APP_ACTIVITY,PSL_OTHER_APP_ACTIVITY,true,MULTIPLE_CHOICE,앱 활동/기타 작업
PSL_DATA_TYPES_IDENTIFIERS,PSL_DEVICE_ID,true,MULTIPLE_CHOICE,기기 또는 기타 ID/기기 또는 기타 ID
PSL_DATA_USAGE_RESPONSES:PSL_NAME:PSL_DATA_USAGE_COLLECTION_AND_SHARING,PSL_DATA_USAGE_ONLY_COLLECTED,true,MULTIPLE_CHOICE,데이터 취급 및 처리(이름)/데이터를 수집 또는 공유하나요? 아니면 수집과 공유를 모두 하나요?/수집됨
PSL_DATA_USAGE_RESPONSES:PSL_NAME:PSL_DATA_USAGE_COLLECTION_AND_SHARING,PSL_DATA_USAGE_ONLY_SHARED,,MULTIPLE_CHOICE,데이터 취급 및 처리(이름)/데이터를 수집 또는 공유하나요? 아니면 수집과 공유를 모두 하나요?/공유됨
PSL_DATA_USAGE_RESPONSES:PSL_NAME:PSL_DATA_USAGE_EPHEMERAL,,false,MAYBE_REQUIRED,데이터 취급 및 처리(이름)/이 데이터는 임시로 처리되나요?
PSL_DATA_USAGE_RESPONSES:PSL_NAME:DATA_USAGE_USER_CONTROL,PSL_DATA_USAGE_USER_CONTROL_OPTIONAL,,SINGLE_CHOICE,데이터 취급 및 처리(이름)/이 데이터는 앱에 필수인가요? 아니면 사용자가 수집 여부를 선택할 수 있나요?/사용자가 데이터의 수집 여부를 선택할 수 있습니다
PSL_DATA_USAGE_RESPONSES:PSL_NAME:DATA_USAGE_USER_CONTROL,PSL_DATA_USAGE_USER_CONTROL_REQUIRED,true,SINGLE_CHOICE,데이터 취급 및 처리(이름)/이 데이터는 앱에 필수인가요? 아니면 사용자가 수집 여부를 선택할 수 있나요?/데이터 수집은 필수입니다(사용자가 이 데이터 수집을 중지할 수 없음)
PSL_DATA_USAGE_RESPONSES:PSL_NAME:DATA_USAGE_COLLECTION_PURPOSE,PSL_APP_FUNCTIONALITY,true,MULTIPLE_CHOICE,데이터 취급 및 처리(이름)/이 사용자 데이터가 수집되는 이유는 무엇인가요? 해당하는 항목을 모두 선택해 주세요./앱 기능
PSL_DATA_USAGE_RESPONSES:PSL_NAME:DATA_USAGE_COLLECTION_PURPOSE,PSL_ANALYTICS,,MULTIPLE_CHOICE,데이터 취급 및 처리(이름)/이 사용자 데이터가 수집되는 이유는 무엇인가요? 해당하는 항목을 모두 선택해 주세요./애널리틱스
PSL_DATA_USAGE_RESPONSES:PSL_NAME:DATA_USAGE_COLLECTION_PURPOSE,PSL_DEVELOPER_COMMUNICATIONS,,MULTIPLE_CHOICE,데이터 취급 및 처리(이름)/이 사용자 데이터가 수집되는 이유는 무엇인가요? 해당하는 항목을 모두 선택해 주세요./개발자 커뮤니케이션
PSL_DATA_USAGE_RESPONSES:PSL_NAME:DATA_USAGE_COLLECTION_PURPOSE,PSL_FRAUD_PREVENTION_SECURITY,,MULTIPLE_CHOICE,"데이터 취급 및 처리(이름)/이 사용자 데이터가 수집되는 이유는 무엇인가요? 해당하는 항목을 모두 선택해 주세요./사기 예방, 보안, 규정 준수"
PSL_DATA_USAGE_RESPONSES:PSL_NAME:DATA_USAGE_COLLECTION_PURPOSE,PSL_ADVERTISING,,MULTIPLE_CHOICE,데이터 취급 및 처리(이름)/이 사용자 데이터가 수집되는 이유는 무엇인가요? 해당하는 항목을 모두 선택해 주세요./광고 또는 마케팅
PSL_DATA_USAGE_RESPONSES:PSL_NAME:DATA_USAGE_COLLECTION_PURPOSE,PSL_PERSONALIZATION,,MULTIPLE_CHOICE,데이터 취급 및 처리(이름)/이 사용자 데이터가 수집되는 이유는 무엇인가요? 해당하는 항목을 모두 선택해 주세요./맞춤설정
PSL_DATA_USAGE_RESPONSES:PSL_NAME:DATA_USAGE_COLLECTION_PURPOSE,PSL_ACCOUNT_MANAGEMENT,true,MULTIPLE_CHOICE,데이터 취급 및 처리(이름)/이 사용자 데이터가 수집되는 이유는 무엇인가요? 해당하는 항목을 모두 선택해 주세요./계정 관리
PSL_DATA_USAGE_RESPONSES:PSL_NAME:DATA_USAGE_SHARING_PURPOSE,PSL_APP_FUNCTIONALITY,,MULTIPLE_CHOICE,데이터 취급 및 처리(이름)/이 사용자 데이터가 공유되는 이유는 무엇인가요? 해당하는 항목을 모두 선택해 주세요./앱 기능
PSL_DATA_USAGE_RESPONSES:PSL_NAME:DATA_USAGE_SHARING_PURPOSE,PSL_ANALYTICS,,MULTIPLE_CHOICE,데이터 취급 및 처리(이름)/이 사용자 데이터가 공유되는 이유는 무엇인가요? 해당하는 항목을 모두 선택해 주세요./애널리틱스
PSL_DATA_USAGE_RESPONSES:PSL_NAME:DATA_USAGE_SHARING_PURPOSE,PSL_DEVELOPER_COMMUNICATIONS,,MULTIPLE_CHOICE,데이터 취급 및 처리(이름)/이 사용자 데이터가 공유되는 이유는 무엇인가요? 해당하는 항목을 모두 선택해 주세요./개발자 커뮤니케이션
PSL_DATA_USAGE_RESPONSES:PSL_NAME:DATA_USAGE_SHARING_PURPOSE,PSL_FRAUD_PREVENTION_SECURITY,,MULTIPLE_CHOICE,"데이터 취급 및 처리(이름)/이 사용자 데이터가 공유되는 이유는 무엇인가요? 해당하는 항목을 모두 선택해 주세요./사기 예방, 보안, 규정 준수"
PSL_DATA_USAGE_RESPONSES:PSL_NAME:DATA_USAGE_SHARING_PURPOSE,PSL_ADVERTISING,,MULTIPLE_CHOICE,데이터 취급 및 처리(이름)/이 사용자 데이터가 공유되는 이유는 무엇인가요? 해당하는 항목을 모두 선택해 주세요./광고 또는 마케팅
PSL_DATA_USAGE_RESPONSES:PSL_NAME:DATA_USAGE_SHARING_PURPOSE,PSL_PERSONALIZATION,,MULTIPLE_CHOICE,데이터 취급 및 처리(이름)/이 사용자 데이터가 공유되는 이유는 무엇인가요? 해당하는 항목을 모두 선택해 주세요./맞춤설정
PSL_DATA_USAGE_RESPONSES:PSL_NAME:DATA_USAGE_SHARING_PURPOSE,PSL_ACCOUNT_MANAGEMENT,,MULTIPLE_CHOICE,데이터 취급 및 처리(이름)/이 사용자 데이터가 공유되는 이유는 무엇인가요? 해당하는 항목을 모두 선택해 주세요./계정 관리
PSL_DATA_USAGE_RESPONSES:PSL_EMAIL:PSL_DATA_USAGE_COLLECTION_AND_SHARING,PSL_DATA_USAGE_ONLY_COLLECTED,,MULTIPLE_CHOICE,데이터 취급 및 처리(이메일 주소)/데이터를 수집 또는 공유하나요? 아니면 수집과 공유를 모두 하나요?/수집됨
PSL_DATA_USAGE_RESPONSES:PSL_EMAIL:PSL_DATA_USAGE_COLLECTION_AND_SHARING,PSL_DATA_USAGE_ONLY_SHARED,,MULTIPLE_CHOICE,데이터 취급 및 처리(이메일 주소)/데이터를 수집 또는 공유하나요? 아니면 수집과 공유를 모두 하나요?/공유됨
PSL_DATA_USAGE_RESPONSES:PSL_EMAIL:PSL_DATA_USAGE_EPHEMERAL,,,MAYBE_REQUIRED,데이터 취급 및 처리(이메일 주소)/이 데이터는 임시로 처리되나요?
PSL_DATA_USAGE_RESPONSES:PSL_EMAIL:DATA_USAGE_USER_CONTROL,PSL_DATA_USAGE_USER_CONTROL_OPTIONAL,,SINGLE_CHOICE,데이터 취급 및 처리(이메일 주소)/이 데이터는 앱에 필수인가요? 아니면 사용자가 수집 여부를 선택할 수 있나요?/사용자가 데이터의 수집 여부를 선택할 수 있습니다
PSL_DATA_USAGE_RESPONSES:PSL_EMAIL:DATA_USAGE_USER_CONTROL,PSL_DATA_USAGE_USER_CONTROL_REQUIRED,,SINGLE_CHOICE,데이터 취급 및 처리(이메일 주소)/이 데이터는 앱에 필수인가요? 아니면 사용자가 수집 여부를 선택할 수 있나요?/데이터 수집은 필수입니다(사용자가 이 데이터 수집을 중지할 수 없음)
PSL_DATA_USAGE_RESPONSES:PSL_EMAIL:DATA_USAGE_COLLECTION_PURPOSE,PSL_APP_FUNCTIONALITY,,MULTIPLE_CHOICE,데이터 취급 및 처리(이메일 주소)/이 사용자 데이터가 수집되는 이유는 무엇인가요? 해당하는 항목을 모두 선택해 주세요./앱 기능
PSL_DATA_USAGE_RESPONSES:PSL_EMAIL:DATA_USAGE_COLLECTION_PURPOSE,PSL_ANALYTICS,,MULTIPLE_CHOICE,데이터 취급 및 처리(이메일 주소)/이 사용자 데이터가 수집되는 이유는 무엇인가요? 해당하는 항목을 모두 선택해 주세요./애널리틱스
PSL_DATA_USAGE_RESPONSES:PSL_EMAIL:DATA_USAGE_COLLECTION_PURPOSE,PSL_DEVELOPER_COMMUNICATIONS,,MULTIPLE_CHOICE,데이터 취급 및 처리(이메일 주소)/이 사용자 데이터가 수집되는 이유는 무엇인가요? 해당하는 항목을 모두 선택해 주세요./개발자 커뮤니케이션
PSL_DATA_USAGE_RESPONSES:PSL_EMAIL:DATA_USAGE_COLLECTION_PURPOSE,PSL_FRAUD_PREVENTION_SECURITY,,MULTIPLE_CHOICE,"데이터 취급 및 처리(이메일 주소)/이 사용자 데이터가 수집되는 이유는 무엇인가요? 해당하는 항목을 모두 선택해 주세요./사기 예방, 보안, 규정 준수"
PSL_DATA_USAGE_RESPONSES:PSL_EMAIL:DATA_USAGE_COLLECTION_PURPOSE,PSL_ADVERTISING,,MULTIPLE_CHOICE,데이터 취급 및 처리(이메일 주소)/이 사용자 데이터가 수집되는 이유는 무엇인가요? 해당하는 항목을 모두 선택해 주세요./광고 또는 마케팅
PSL_DATA_USAGE_RESPONSES:PSL_EMAIL:DATA_USAGE_COLLECTION_PURPOSE,PSL_PERSONALIZATION,,MULTIPLE_CHOICE,데이터 취급 및 처리(이메일 주소)/이 사용자 데이터가 수집되는 이유는 무엇인가요? 해당하는 항목을 모두 선택해 주세요./맞춤설정
PSL_DATA_USAGE_RESPONSES:PSL_EMAIL:DATA_USAGE_COLLECTION_PURPOSE,PSL_ACCOUNT_MANAGEMENT,,MULTIPLE_CHOICE,데이터 취급 및 처리(이메일 주소)/이 사용자 데이터가 수집되는 이유는 무엇인가요? 해당하는 항목을 모두 선택해 주세요./계정 관리
PSL_DATA_USAGE_RESPONSES:PSL_EMAIL:DATA_USAGE_SHARING_PURPOSE,PSL_APP_FUNCTIONALITY,,MULTIPLE_CHOICE,데이터 취급 및 처리(이메일 주소)/이 사용자 데이터가 공유되는 이유는 무엇인가요? 해당하는 항목을 모두 선택해 주세요./앱 기능
PSL_DATA_USAGE_RESPONSES:PSL_EMAIL:DATA_USAGE_SHARING_PURPOSE,PSL_ANALYTICS,,MULTIPLE_CHOICE,데이터 취급 및 처리(이메일 주소)/이 사용자 데이터가 공유되는 이유는 무엇인가요? 해당하는 항목을 모두 선택해 주세요./애널리틱스
PSL_DATA_USAGE_RESPONSES:PSL_EMAIL:DATA_USAGE_SHARING_PURPOSE,PSL_DEVELOPER_COMMUNICATIONS,,MULTIPLE_CHOICE,데이터 취급 및 처리(이메일 주소)/이 사용자 데이터가 공유되는 이유는 무엇인가요? 해당하는 항목을 모두 선택해 주세요./개발자 커뮤니케이션
PSL_DATA_USAGE_RESPONSES:PSL_EMAIL:DATA_USAGE_SHARING_PURPOSE,PSL_FRAUD_PREVENTION_SECURITY,,MULTIPLE_CHOICE,"데이터 취급 및 처리(이메일 주소)/이 사용자 데이터가 공유되는 이유는 무엇인가요? 해당하는 항목을 모두 선택해 주세요./사기 예방, 보안, 규정 준수"
PSL_DATA_USAGE_RESPONSES:PSL_EMAIL:DATA_USAGE_SHARING_PURPOSE,PSL_ADVERTISING,,MULTIPLE_CHOICE,데이터 취급 및 처리(이메일 주소)/이 사용자 데이터가 공유되는 이유는 무엇인가요? 해당하는 항목을 모두 선택해 주세요./광고 또는 마케팅
PSL_DATA_USAGE_RESPONSES:PSL_EMAIL:DATA_USAGE_SHARING_PURPOSE,PSL_PERSONALIZATION,,MULTIPLE_CHOICE,데이터 취급 및 처리(이메일 주소)/이 사용자 데이터가 공유되는 이유는 무엇인가요? 해당하는 항목을 모두 선택해 주세요./맞춤설정
PSL_DATA_USAGE_RESPONSES:PSL_EMAIL:DATA_USAGE_SHARING_PURPOSE,PSL_ACCOUNT_MANAGEMENT,,MULTIPLE_CHOICE,데이터 취급 및 처리(이메일 주소)/이 사용자 데이터가 공유되는 이유는 무엇인가요? 해당하는 항목을 모두 선택해 주세요./계정 관리
PSL_DATA_USAGE_RESPONSES:PSL_USER_ACCOUNT:PSL_DATA_USAGE_COLLECTION_AND_SHARING,PSL_DATA_USAGE_ONLY_COLLECTED,true,MULTIPLE_CHOICE,데이터 취급 및 처리(사용자 ID)/데이터를 수집 또는 공유하나요? 아니면 수집과 공유를 모두 하나요?/수집됨
PSL_DATA_USAGE_RESPONSES:PSL_USER_ACCOUNT:PSL_DATA_USAGE_COLLECTION_AND_SHARING,PSL_DATA_USAGE_ONLY_SHARED,,MULTIPLE_CHOICE,데이터 취급 및 처리(사용자 ID)/데이터를 수집 또는 공유하나요? 아니면 수집과 공유를 모두 하나요?/공유됨
PSL_DATA_USAGE_RESPONSES:PSL_USER_ACCOUNT:PSL_DATA_USAGE_EPHEMERAL,,false,MAYBE_REQUIRED,데이터 취급 및 처리(사용자 ID)/이 데이터는 임시로 처리되나요?
PSL_DATA_USAGE_RESPONSES:PSL_USER_ACCOUNT:DATA_USAGE_USER_CONTROL,PSL_DATA_USAGE_USER_CONTROL_OPTIONAL,,SINGLE_CHOICE,데이터 취급 및 처리(사용자 ID)/이 데이터는 앱에 필수인가요? 아니면 사용자가 수집 여부를 선택할 수 있나요?/사용자가 데이터의 수집 여부를 선택할 수 있습니다
PSL_DATA_USAGE_RESPONSES:PSL_USER_ACCOUNT:DATA_USAGE_USER_CONTROL,PSL_DATA_USAGE_USER_CONTROL_REQUIRED,true,SINGLE_CHOICE,데이터 취급 및 처리(사용자 ID)/이 데이터는 앱에 필수인가요? 아니면 사용자가 수집 여부를 선택할 수 있나요?/데이터 수집은 필수입니다(사용자가 이 데이터 수집을 중지할 수 없음)
PSL_DATA_USAGE_RESPONSES:PSL_USER_ACCOUNT:DATA_USAGE_COLLECTION_PURPOSE,PSL_APP_FUNCTIONALITY,true,MULTIPLE_CHOICE,데이터 취급 및 처리(사용자 ID)/이 사용자 데이터가 수집되는 이유는 무엇인가요? 해당하는 항목을 모두 선택해 주세요./앱 기능
PSL_DATA_USAGE_RESPONSES:PSL_USER_ACCOUNT:DATA_USAGE_COLLECTION_PURPOSE,PSL_ANALYTICS,,MULTIPLE_CHOICE,데이터 취급 및 처리(사용자 ID)/이 사용자 데이터가 수집되는 이유는 무엇인가요? 해당하는 항목을 모두 선택해 주세요./애널리틱스
PSL_DATA_USAGE_RESPONSES:PSL_USER_ACCOUNT:DATA_USAGE_COLLECTION_PURPOSE,PSL_DEVELOPER_COMMUNICATIONS,,MULTIPLE_CHOICE,데이터 취급 및 처리(사용자 ID)/이 사용자 데이터가 수집되는 이유는 무엇인가요? 해당하는 항목을 모두 선택해 주세요./개발자 커뮤니케이션
PSL_DATA_USAGE_RESPONSES:PSL_USER_ACCOUNT:DATA_USAGE_COLLECTION_PURPOSE,PSL_FRAUD_PREVENTION_SECURITY,,MULTIPLE_CHOICE,"데이터 취급 및 처리(사용자 ID)/이 사용자 데이터가 수집되는 이유는 무엇인가요? 해당하는 항목을 모두 선택해 주세요./사기 예방, 보안, 규정 준수"
PSL_DATA_USAGE_RESPONSES:PSL_USER_ACCOUNT:DATA_USAGE_COLLECTION_PURPOSE,PSL_ADVERTISING,,MULTIPLE_CHOICE,데이터 취급 및 처리(사용자 ID)/이 사용자 데이터가 수집되는 이유는 무엇인가요? 해당하는 항목을 모두 선택해 주세요./광고 또는 마케팅
PSL_DATA_USAGE_RESPONSES:PSL_USER_ACCOUNT:DATA_USAGE_COLLECTION_PURPOSE,PSL_PERSONALIZATION,,MULTIPLE_CHOICE,데이터 취급 및 처리(사용자 ID)/이 사용자 데이터가 수집되는 이유는 무엇인가요? 해당하는 항목을 모두 선택해 주세요./맞춤설정
PSL_DATA_USAGE_RESPONSES:PSL_USER_ACCOUNT:DATA_USAGE_COLLECTION_PURPOSE,PSL_ACCOUNT_MANAGEMENT,true,MULTIPLE_CHOICE,데이터 취급 및 처리(사용자 ID)/이 사용자 데이터가 수집되는 이유는 무엇인가요? 해당하는 항목을 모두 선택해 주세요./계정 관리
PSL_DATA_USAGE_RESPONSES:PSL_USER_ACCOUNT:DATA_USAGE_SHARING_PURPOSE,PSL_APP_FUNCTIONALITY,,MULTIPLE_CHOICE,데이터 취급 및 처리(사용자 ID)/이 사용자 데이터가 공유되는 이유는 무엇인가요? 해당하는 항목을 모두 선택해 주세요./앱 기능
PSL_DATA_USAGE_RESPONSES:PSL_USER_ACCOUNT:DATA_USAGE_SHARING_PURPOSE,PSL_ANALYTICS,,MULTIPLE_CHOICE,데이터 취급 및 처리(사용자 ID)/이 사용자 데이터가 공유되는 이유는 무엇인가요? 해당하는 항목을 모두 선택해 주세요./애널리틱스
PSL_DATA_USAGE_RESPONSES:PSL_USER_ACCOUNT:DATA_USAGE_SHARING_PURPOSE,PSL_DEVELOPER_COMMUNICATIONS,,MULTIPLE_CHOICE,데이터 취급 및 처리(사용자 ID)/이 사용자 데이터가 공유되는 이유는 무엇인가요? 해당하는 항목을 모두 선택해 주세요./개발자 커뮤니케이션
PSL_DATA_USAGE_RESPONSES:PSL_USER_ACCOUNT:DATA_USAGE_SHARING_PURPOSE,PSL_FRAUD_PREVENTION_SECURITY,,MULTIPLE_CHOICE,"데이터 취급 및 처리(사용자 ID)/이 사용자 데이터가 공유되는 이유는 무엇인가요? 해당하는 항목을 모두 선택해 주세요./사기 예방, 보안, 규정 준수"
PSL_DATA_USAGE_RESPONSES:PSL_USER_ACCOUNT:DATA_USAGE_SHARING_PURPOSE,PSL_ADVERTISING,,MULTIPLE_CHOICE,데이터 취급 및 처리(사용자 ID)/이 사용자 데이터가 공유되는 이유는 무엇인가요? 해당하는 항목을 모두 선택해 주세요./광고 또는 마케팅
PSL_DATA_USAGE_RESPONSES:PSL_USER_ACCOUNT:DATA_USAGE_SHARING_PURPOSE,PSL_PERSONALIZATION,,MULTIPLE_CHOICE,데이터 취급 및 처리(사용자 ID)/이 사용자 데이터가 공유되는 이유는 무엇인가요? 해당하는 항목을 모두 선택해 주세요./맞춤설정
PSL_DATA_USAGE_RESPONSES:PSL_USER_ACCOUNT:DATA_USAGE_SHARING_PURPOSE,PSL_ACCOUNT_MANAGEMENT,,MULTIPLE_CHOICE,데이터 취급 및 처리(사용자 ID)/이 사용자 데이터가 공유되는 이유는 무엇인가요? 해당하는 항목을 모두 선택해 주세요./계정 관리
PSL_DATA_USAGE_RESPONSES:PSL_ADDRESS:PSL_DATA_USAGE_COLLECTION_AND_SHARING,PSL_DATA_USAGE_ONLY_COLLECTED,,MULTIPLE_CHOICE,데이터 취급 및 처리(주소)/데이터를 수집 또는 공유하나요? 아니면 수집과 공유를 모두 하나요?/수집됨
PSL_DATA_USAGE_RESPONSES:PSL_ADDRESS:PSL_DATA_USAGE_COLLECTION_AND_SHARING,PSL_DATA_USAGE_ONLY_SHARED,,MULTIPLE_CHOICE,데이터 취급 및 처리(주소)/데이터를 수집 또는 공유하나요? 아니면 수집과 공유를 모두 하나요?/공유됨
PSL_DATA_USAGE_RESPONSES:PSL_ADDRESS:PSL_DATA_USAGE_EPHEMERAL,,,MAYBE_REQUIRED,데이터 취급 및 처리(주소)/이 데이터는 임시로 처리되나요?
PSL_DATA_USAGE_RESPONSES:PSL_ADDRESS:DATA_USAGE_USER_CONTROL,PSL_DATA_USAGE_USER_CONTROL_OPTIONAL,,SINGLE_CHOICE,데이터 취급 및 처리(주소)/이 데이터는 앱에 필수인가요? 아니면 사용자가 수집 여부를 선택할 수 있나요?/사용자가 데이터의 수집 여부를 선택할 수 있습니다
PSL_DATA_USAGE_RESPONSES:PSL_ADDRESS:DATA_USAGE_USER_CONTROL,PSL_DATA_USAGE_USER_CONTROL_REQUIRED,,SINGLE_CHOICE,데이터 취급 및 처리(주소)/이 데이터는 앱에 필수인가요? 아니면 사용자가 수집 여부를 선택할 수 있나요?/데이터 수집은 필수입니다(사용자가 이 데이터 수집을 중지할 수 없음)
PSL_DATA_USAGE_RESPONSES:PSL_ADDRESS:DATA_USAGE_COLLECTION_PURPOSE,PSL_APP_FUNCTIONALITY,,MULTIPLE_CHOICE,데이터 취급 및 처리(주소)/이 사용자 데이터가 수집되는 이유는 무엇인가요? 해당하는 항목을 모두 선택해 주세요./앱 기능
PSL_DATA_USAGE_RESPONSES:PSL_ADDRESS:DATA_USAGE_COLLECTION_PURPOSE,PSL_ANALYTICS,,MULTIPLE_CHOICE,데이터 취급 및 처리(주소)/이 사용자 데이터가 수집되는 이유는 무엇인가요? 해당하는 항목을 모두 선택해 주세요./애널리틱스
PSL_DATA_USAGE_RESPONSES:PSL_ADDRESS:DATA_USAGE_COLLECTION_PURPOSE,PSL_DEVELOPER_COMMUNICATIONS,,MULTIPLE_CHOICE,데이터 취급 및 처리(주소)/이 사용자 데이터가 수집되는 이유는 무엇인가요? 해당하는 항목을 모두 선택해 주세요./개발자 커뮤니케이션
PSL_DATA_USAGE_RESPONSES:PSL_ADDRESS:DATA_USAGE_COLLECTION_PURPOSE,PSL_FRAUD_PREVENTION_SECURITY,,MULTIPLE_CHOICE,"데이터 취급 및 처리(주소)/이 사용자 데이터가 수집되는 이유는 무엇인가요? 해당하는 항목을 모두 선택해 주세요./사기 예방, 보안, 규정 준수"
PSL_DATA_USAGE_RESPONSES:PSL_ADDRESS:DATA_USAGE_COLLECTION_PURPOSE,PSL_ADVERTISING,,MULTIPLE_CHOICE,데이터 취급 및 처리(주소)/이 사용자 데이터가 수집되는 이유는 무엇인가요? 해당하는 항목을 모두 선택해 주세요./광고 또는 마케팅
PSL_DATA_USAGE_RESPONSES:PSL_ADDRESS:DATA_USAGE_COLLECTION_PURPOSE,PSL_PERSONALIZATION,,MULTIPLE_CHOICE,데이터 취급 및 처리(주소)/이 사용자 데이터가 수집되는 이유는 무엇인가요? 해당하는 항목을 모두 선택해 주세요./맞춤설정
PSL_DATA_USAGE_RESPONSES:PSL_ADDRESS:DATA_USAGE_COLLECTION_PURPOSE,PSL_ACCOUNT_MANAGEMENT,,MULTIPLE_CHOICE,데이터 취급 및 처리(주소)/이 사용자 데이터가 수집되는 이유는 무엇인가요? 해당하는 항목을 모두 선택해 주세요./계정 관리
PSL_DATA_USAGE_RESPONSES:PSL_ADDRESS:DATA_USAGE_SHARING_PURPOSE,PSL_APP_FUNCTIONALITY,,MULTIPLE_CHOICE,데이터 취급 및 처리(주소)/이 사용자 데이터가 공유되는 이유는 무엇인가요? 해당하는 항목을 모두 선택해 주세요./앱 기능
PSL_DATA_USAGE_RESPONSES:PSL_ADDRESS:DATA_USAGE_SHARING_PURPOSE,PSL_ANALYTICS,,MULTIPLE_CHOICE,데이터 취급 및 처리(주소)/이 사용자 데이터가 공유되는 이유는 무엇인가요? 해당하는 항목을 모두 선택해 주세요./애널리틱스
PSL_DATA_USAGE_RESPONSES:PSL_ADDRESS:DATA_USAGE_SHARING_PURPOSE,PSL_DEVELOPER_COMMUNICATIONS,,MULTIPLE_CHOICE,데이터 취급 및 처리(주소)/이 사용자 데이터가 공유되는 이유는 무엇인가요? 해당하는 항목을 모두 선택해 주세요./개발자 커뮤니케이션
PSL_DATA_USAGE_RESPONSES:PSL_ADDRESS:DATA_USAGE_SHARING_PURPOSE,PSL_FRAUD_PREVENTION_SECURITY,,MULTIPLE_CHOICE,"데이터 취급 및 처리(주소)/이 사용자 데이터가 공유되는 이유는 무엇인가요? 해당하는 항목을 모두 선택해 주세요./사기 예방, 보안, 규정 준수"
PSL_DATA_USAGE_RESPONSES:PSL_ADDRESS:DATA_USAGE_SHARING_PURPOSE,PSL_ADVERTISING,,MULTIPLE_CHOICE,데이터 취급 및 처리(주소)/이 사용자 데이터가 공유되는 이유는 무엇인가요? 해당하는 항목을 모두 선택해 주세요./광고 또는 마케팅
PSL_DATA_USAGE_RESPONSES:PSL_ADDRESS:DATA_USAGE_SHARING_PURPOSE,PSL_PERSONALIZATION,,MULTIPLE_CHOICE,데이터 취급 및 처리(주소)/이 사용자 데이터가 공유되는 이유는 무엇인가요? 해당하는 항목을 모두 선택해 주세요./맞춤설정
PSL_DATA_USAGE_RESPONSES:PSL_ADDRESS:DATA_USAGE_SHARING_PURPOSE,PSL_ACCOUNT_MANAGEMENT,,MULTIPLE_CHOICE,데이터 취급 및 처리(주소)/이 사용자 데이터가 공유되는 이유는 무엇인가요? 해당하는 항목을 모두 선택해 주세요./계정 관리
PSL_DATA_USAGE_RESPONSES:PSL_PHONE:PSL_DATA_USAGE_COLLECTION_AND_SHARING,PSL_DATA_USAGE_ONLY_COLLECTED,true,MULTIPLE_CHOICE,데이터 취급 및 처리(전화번호)/데이터를 수집 또는 공유하나요? 아니면 수집과 공유를 모두 하나요?/수집됨
PSL_DATA_USAGE_RESPONSES:PSL_PHONE:PSL_DATA_USAGE_COLLECTION_AND_SHARING,PSL_DATA_USAGE_ONLY_SHARED,,MULTIPLE_CHOICE,데이터 취급 및 처리(전화번호)/데이터를 수집 또는 공유하나요? 아니면 수집과 공유를 모두 하나요?/공유됨
PSL_DATA_USAGE_RESPONSES:PSL_PHONE:PSL_DATA_USAGE_EPHEMERAL,,false,MAYBE_REQUIRED,데이터 취급 및 처리(전화번호)/이 데이터는 임시로 처리되나요?
PSL_DATA_USAGE_RESPONSES:PSL_PHONE:DATA_USAGE_USER_CONTROL,PSL_DATA_USAGE_USER_CONTROL_OPTIONAL,true,SINGLE_CHOICE,데이터 취급 및 처리(전화번호)/이 데이터는 앱에 필수인가요? 아니면 사용자가 수집 여부를 선택할 수 있나요?/사용자가 데이터의 수집 여부를 선택할 수 있습니다
PSL_DATA_USAGE_RESPONSES:PSL_PHONE:DATA_USAGE_USER_CONTROL,PSL_DATA_USAGE_USER_CONTROL_REQUIRED,,SINGLE_CHOICE,데이터 취급 및 처리(전화번호)/이 데이터는 앱에 필수인가요? 아니면 사용자가 수집 여부를 선택할 수 있나요?/데이터 수집은 필수입니다(사용자가 이 데이터 수집을 중지할 수 없음)
PSL_DATA_USAGE_RESPONSES:PSL_PHONE:DATA_USAGE_COLLECTION_PURPOSE,PSL_APP_FUNCTIONALITY,true,MULTIPLE_CHOICE,데이터 취급 및 처리(전화번호)/이 사용자 데이터가 수집되는 이유는 무엇인가요? 해당하는 항목을 모두 선택해 주세요./앱 기능
PSL_DATA_USAGE_RESPONSES:PSL_PHONE:DATA_USAGE_COLLECTION_PURPOSE,PSL_ANALYTICS,,MULTIPLE_CHOICE,데이터 취급 및 처리(전화번호)/이 사용자 데이터가 수집되는 이유는 무엇인가요? 해당하는 항목을 모두 선택해 주세요./애널리틱스
PSL_DATA_USAGE_RESPONSES:PSL_PHONE:DATA_USAGE_COLLECTION_PURPOSE,PSL_DEVELOPER_COMMUNICATIONS,,MULTIPLE_CHOICE,데이터 취급 및 처리(전화번호)/이 사용자 데이터가 수집되는 이유는 무엇인가요? 해당하는 항목을 모두 선택해 주세요./개발자 커뮤니케이션
PSL_DATA_USAGE_RESPONSES:PSL_PHONE:DATA_USAGE_COLLECTION_PURPOSE,PSL_FRAUD_PREVENTION_SECURITY,,MULTIPLE_CHOICE,"데이터 취급 및 처리(전화번호)/이 사용자 데이터가 수집되는 이유는 무엇인가요? 해당하는 항목을 모두 선택해 주세요./사기 예방, 보안, 규정 준수"
PSL_DATA_USAGE_RESPONSES:PSL_PHONE:DATA_USAGE_COLLECTION_PURPOSE,PSL_ADVERTISING,,MULTIPLE_CHOICE,데이터 취급 및 처리(전화번호)/이 사용자 데이터가 수집되는 이유는 무엇인가요? 해당하는 항목을 모두 선택해 주세요./광고 또는 마케팅
PSL_DATA_USAGE_RESPONSES:PSL_PHONE:DATA_USAGE_COLLECTION_PURPOSE,PSL_PERSONALIZATION,,MULTIPLE_CHOICE,데이터 취급 및 처리(전화번호)/이 사용자 데이터가 수집되는 이유는 무엇인가요? 해당하는 항목을 모두 선택해 주세요./맞춤설정
PSL_DATA_USAGE_RESPONSES:PSL_PHONE:DATA_USAGE_COLLECTION_PURPOSE,PSL_ACCOUNT_MANAGEMENT,,MULTIPLE_CHOICE,데이터 취급 및 처리(전화번호)/이 사용자 데이터가 수집되는 이유는 무엇인가요? 해당하는 항목을 모두 선택해 주세요./계정 관리
PSL_DATA_USAGE_RESPONSES:PSL_PHONE:DATA_USAGE_SHARING_PURPOSE,PSL_APP_FUNCTIONALITY,,MULTIPLE_CHOICE,데이터 취급 및 처리(전화번호)/이 사용자 데이터가 공유되는 이유는 무엇인가요? 해당하는 항목을 모두 선택해 주세요./앱 기능
PSL_DATA_USAGE_RESPONSES:PSL_PHONE:DATA_USAGE_SHARING_PURPOSE,PSL_ANALYTICS,,MULTIPLE_CHOICE,데이터 취급 및 처리(전화번호)/이 사용자 데이터가 공유되는 이유는 무엇인가요? 해당하는 항목을 모두 선택해 주세요./애널리틱스
PSL_DATA_USAGE_RESPONSES:PSL_PHONE:DATA_USAGE_SHARING_PURPOSE,PSL_DEVELOPER_COMMUNICATIONS,,MULTIPLE_CHOICE,데이터 취급 및 처리(전화번호)/이 사용자 데이터가 공유되는 이유는 무엇인가요? 해당하는 항목을 모두 선택해 주세요./개발자 커뮤니케이션
PSL_DATA_USAGE_RESPONSES:PSL_PHONE:DATA_USAGE_SHARING_PURPOSE,PSL_FRAUD_PREVENTION_SECURITY,,MULTIPLE_CHOICE,"데이터 취급 및 처리(전화번호)/이 사용자 데이터가 공유되는 이유는 무엇인가요? 해당하는 항목을 모두 선택해 주세요./사기 예방, 보안, 규정 준수"
PSL_DATA_USAGE_RESPONSES:PSL_PHONE:DATA_USAGE_SHARING_PURPOSE,PSL_ADVERTISING,,MULTIPLE_CHOICE,데이터 취급 및 처리(전화번호)/이 사용자 데이터가 공유되는 이유는 무엇인가요? 해당하는 항목을 모두 선택해 주세요./광고 또는 마케팅
PSL_DATA_USAGE_RESPONSES:PSL_PHONE:DATA_USAGE_SHARING_PURPOSE,PSL_PERSONALIZATION,,MULTIPLE_CHOICE,데이터 취급 및 처리(전화번호)/이 사용자 데이터가 공유되는 이유는 무엇인가요? 해당하는 항목을 모두 선택해 주세요./맞춤설정
PSL_DATA_USAGE_RESPONSES:PSL_PHONE:DATA_USAGE_SHARING_PURPOSE,PSL_ACCOUNT_MANAGEMENT,,MULTIPLE_CHOICE,데이터 취급 및 처리(전화번호)/이 사용자 데이터가 공유되는 이유는 무엇인가요? 해당하는 항목을 모두 선택해 주세요./계정 관리
PSL_DATA_USAGE_RESPONSES:PSL_RACE_ETHNICITY:PSL_DATA_USAGE_COLLECTION_AND_SHARING,PSL_DATA_USAGE_ONLY_COLLECTED,,MULTIPLE_CHOICE,데이터 취급 및 처리(인종 및 민족)/데이터를 수집 또는 공유하나요? 아니면 수집과 공유를 모두 하나요?/수집됨
PSL_DATA_USAGE_RESPONSES:PSL_RACE_ETHNICITY:PSL_DATA_USAGE_COLLECTION_AND_SHARING,PSL_DATA_USAGE_ONLY_SHARED,,MULTIPLE_CHOICE,데이터 취급 및 처리(인종 및 민족)/데이터를 수집 또는 공유하나요? 아니면 수집과 공유를 모두 하나요?/공유됨
PSL_DATA_USAGE_RESPONSES:PSL_RACE_ETHNICITY:PSL_DATA_USAGE_EPHEMERAL,,,MAYBE_REQUIRED,데이터 취급 및 처리(인종 및 민족)/이 데이터는 임시로 처리되나요?
PSL_DATA_USAGE_RESPONSES:PSL_RACE_ETHNICITY:DATA_USAGE_USER_CONTROL,PSL_DATA_USAGE_USER_CONTROL_OPTIONAL,,SINGLE_CHOICE,데이터 취급 및 처리(인종 및 민족)/이 데이터는 앱에 필수인가요? 아니면 사용자가 수집 여부를 선택할 수 있나요?/사용자가 데이터의 수집 여부를 선택할 수 있습니다
PSL_DATA_USAGE_RESPONSES:PSL_RACE_ETHNICITY:DATA_USAGE_USER_CONTROL,PSL_DATA_USAGE_USER_CONTROL_REQUIRED,,SINGLE_CHOICE,데이터 취급 및 처리(인종 및 민족)/이 데이터는 앱에 필수인가요? 아니면 사용자가 수집 여부를 선택할 수 있나요?/데이터 수집은 필수입니다(사용자가 이 데이터 수집을 중지할 수 없음)
PSL_DATA_USAGE_RESPONSES:PSL_RACE_ETHNICITY:DATA_USAGE_COLLECTION_PURPOSE,PSL_APP_FUNCTIONALITY,,MULTIPLE_CHOICE,데이터 취급 및 처리(인종 및 민족)/이 사용자 데이터가 수집되는 이유는 무엇인가요? 해당하는 항목을 모두 선택해 주세요./앱 기능
PSL_DATA_USAGE_RESPONSES:PSL_RACE_ETHNICITY:DATA_USAGE_COLLECTION_PURPOSE,PSL_ANALYTICS,,MULTIPLE_CHOICE,데이터 취급 및 처리(인종 및 민족)/이 사용자 데이터가 수집되는 이유는 무엇인가요? 해당하는 항목을 모두 선택해 주세요./애널리틱스
PSL_DATA_USAGE_RESPONSES:PSL_RACE_ETHNICITY:DATA_USAGE_COLLECTION_PURPOSE,PSL_DEVELOPER_COMMUNICATIONS,,MULTIPLE_CHOICE,데이터 취급 및 처리(인종 및 민족)/이 사용자 데이터가 수집되는 이유는 무엇인가요? 해당하는 항목을 모두 선택해 주세요./개발자 커뮤니케이션
PSL_DATA_USAGE_RESPONSES:PSL_RACE_ETHNICITY:DATA_USAGE_COLLECTION_PURPOSE,PSL_FRAUD_PREVENTION_SECURITY,,MULTIPLE_CHOICE,"데이터 취급 및 처리(인종 및 민족)/이 사용자 데이터가 수집되는 이유는 무엇인가요? 해당하는 항목을 모두 선택해 주세요./사기 예방, 보안, 규정 준수"
PSL_DATA_USAGE_RESPONSES:PSL_RACE_ETHNICITY:DATA_USAGE_COLLECTION_PURPOSE,PSL_ADVERTISING,,MULTIPLE_CHOICE,데이터 취급 및 처리(인종 및 민족)/이 사용자 데이터가 수집되는 이유는 무엇인가요? 해당하는 항목을 모두 선택해 주세요./광고 또는 마케팅
PSL_DATA_USAGE_RESPONSES:PSL_RACE_ETHNICITY:DATA_USAGE_COLLECTION_PURPOSE,PSL_PERSONALIZATION,,MULTIPLE_CHOICE,데이터 취급 및 처리(인종 및 민족)/이 사용자 데이터가 수집되는 이유는 무엇인가요? 해당하는 항목을 모두 선택해 주세요./맞춤설정
PSL_DATA_USAGE_RESPONSES:PSL_RACE_ETHNICITY:DATA_USAGE_COLLECTION_PURPOSE,PSL_ACCOUNT_MANAGEMENT,,MULTIPLE_CHOICE,데이터 취급 및 처리(인종 및 민족)/이 사용자 데이터가 수집되는 이유는 무엇인가요? 해당하는 항목을 모두 선택해 주세요./계정 관리
PSL_DATA_USAGE_RESPONSES:PSL_RACE_ETHNICITY:DATA_USAGE_SHARING_PURPOSE,PSL_APP_FUNCTIONALITY,,MULTIPLE_CHOICE,데이터 취급 및 처리(인종 및 민족)/이 사용자 데이터가 공유되는 이유는 무엇인가요? 해당하는 항목을 모두 선택해 주세요./앱 기능
PSL_DATA_USAGE_RESPONSES:PSL_RACE_ETHNICITY:DATA_USAGE_SHARING_PURPOSE,PSL_ANALYTICS,,MULTIPLE_CHOICE,데이터 취급 및 처리(인종 및 민족)/이 사용자 데이터가 공유되는 이유는 무엇인가요? 해당하는 항목을 모두 선택해 주세요./애널리틱스
PSL_DATA_USAGE_RESPONSES:PSL_RACE_ETHNICITY:DATA_USAGE_SHARING_PURPOSE,PSL_DEVELOPER_COMMUNICATIONS,,MULTIPLE_CHOICE,데이터 취급 및 처리(인종 및 민족)/이 사용자 데이터가 공유되는 이유는 무엇인가요? 해당하는 항목을 모두 선택해 주세요./개발자 커뮤니케이션
PSL_DATA_USAGE_RESPONSES:PSL_RACE_ETHNICITY:DATA_USAGE_SHARING_PURPOSE,PSL_FRAUD_PREVENTION_SECURITY,,MULTIPLE_CHOICE,"데이터 취급 및 처리(인종 및 민족)/이 사용자 데이터가 공유되는 이유는 무엇인가요? 해당하는 항목을 모두 선택해 주세요./사기 예방, 보안, 규정 준수"
PSL_DATA_USAGE_RESPONSES:PSL_RACE_ETHNICITY:DATA_USAGE_SHARING_PURPOSE,PSL_ADVERTISING,,MULTIPLE_CHOICE,데이터 취급 및 처리(인종 및 민족)/이 사용자 데이터가 공유되는 이유는 무엇인가요? 해당하는 항목을 모두 선택해 주세요./광고 또는 마케팅
PSL_DATA_USAGE_RESPONSES:PSL_RACE_ETHNICITY:DATA_USAGE_SHARING_PURPOSE,PSL_PERSONALIZATION,,MULTIPLE_CHOICE,데이터 취급 및 처리(인종 및 민족)/이 사용자 데이터가 공유되는 이유는 무엇인가요? 해당하는 항목을 모두 선택해 주세요./맞춤설정
PSL_DATA_USAGE_RESPONSES:PSL_RACE_ETHNICITY:DATA_USAGE_SHARING_PURPOSE,PSL_ACCOUNT_MANAGEMENT,,MULTIPLE_CHOICE,데이터 취급 및 처리(인종 및 민족)/이 사용자 데이터가 공유되는 이유는 무엇인가요? 해당하는 항목을 모두 선택해 주세요./계정 관리
PSL_DATA_USAGE_RESPONSES:PSL_POLITICAL_RELIGIOUS:PSL_DATA_USAGE_COLLECTION_AND_SHARING,PSL_DATA_USAGE_ONLY_COLLECTED,true,MULTIPLE_CHOICE,데이터 취급 및 처리(정치적 또는 종교적 신념)/데이터를 수집 또는 공유하나요? 아니면 수집과 공유를 모두 하나요?/수집됨
PSL_DATA_USAGE_RESPONSES:PSL_POLITICAL_RELIGIOUS:PSL_DATA_USAGE_COLLECTION_AND_SHARING,PSL_DATA_USAGE_ONLY_SHARED,,MULTIPLE_CHOICE,데이터 취급 및 처리(정치적 또는 종교적 신념)/데이터를 수집 또는 공유하나요? 아니면 수집과 공유를 모두 하나요?/공유됨
PSL_DATA_USAGE_RESPONSES:PSL_POLITICAL_RELIGIOUS:PSL_DATA_USAGE_EPHEMERAL,,false,MAYBE_REQUIRED,데이터 취급 및 처리(정치적 또는 종교적 신념)/이 데이터는 임시로 처리되나요?
PSL_DATA_USAGE_RESPONSES:PSL_POLITICAL_RELIGIOUS:DATA_USAGE_USER_CONTROL,PSL_DATA_USAGE_USER_CONTROL_OPTIONAL,,SINGLE_CHOICE,데이터 취급 및 처리(정치적 또는 종교적 신념)/이 데이터는 앱에 필수인가요? 아니면 사용자가 수집 여부를 선택할 수 있나요?/사용자가 데이터의 수집 여부를 선택할 수 있습니다
PSL_DATA_USAGE_RESPONSES:PSL_POLITICAL_RELIGIOUS:DATA_USAGE_USER_CONTROL,PSL_DATA_USAGE_USER_CONTROL_REQUIRED,true,SINGLE_CHOICE,데이터 취급 및 처리(정치적 또는 종교적 신념)/이 데이터는 앱에 필수인가요? 아니면 사용자가 수집 여부를 선택할 수 있나요?/데이터 수집은 필수입니다(사용자가 이 데이터 수집을 중지할 수 없음)
PSL_DATA_USAGE_RESPONSES:PSL_POLITICAL_RELIGIOUS:DATA_USAGE_COLLECTION_PURPOSE,PSL_APP_FUNCTIONALITY,true,MULTIPLE_CHOICE,데이터 취급 및 처리(정치적 또는 종교적 신념)/이 사용자 데이터가 수집되는 이유는 무엇인가요? 해당하는 항목을 모두 선택해 주세요./앱 기능
PSL_DATA_USAGE_RESPONSES:PSL_POLITICAL_RELIGIOUS:DATA_USAGE_COLLECTION_PURPOSE,PSL_ANALYTICS,,MULTIPLE_CHOICE,데이터 취급 및 처리(정치적 또는 종교적 신념)/이 사용자 데이터가 수집되는 이유는 무엇인가요? 해당하는 항목을 모두 선택해 주세요./애널리틱스
PSL_DATA_USAGE_RESPONSES:PSL_POLITICAL_RELIGIOUS:DATA_USAGE_COLLECTION_PURPOSE,PSL_DEVELOPER_COMMUNICATIONS,,MULTIPLE_CHOICE,데이터 취급 및 처리(정치적 또는 종교적 신념)/이 사용자 데이터가 수집되는 이유는 무엇인가요? 해당하는 항목을 모두 선택해 주세요./개발자 커뮤니케이션
PSL_DATA_USAGE_RESPONSES:PSL_POLITICAL_RELIGIOUS:DATA_USAGE_COLLECTION_PURPOSE,PSL_FRAUD_PREVENTION_SECURITY,,MULTIPLE_CHOICE,"데이터 취급 및 처리(정치적 또는 종교적 신념)/이 사용자 데이터가 수집되는 이유는 무엇인가요? 해당하는 항목을 모두 선택해 주세요./사기 예방, 보안, 규정 준수"
PSL_DATA_USAGE_RESPONSES:PSL_POLITICAL_RELIGIOUS:DATA_USAGE_COLLECTION_PURPOSE,PSL_ADVERTISING,,MULTIPLE_CHOICE,데이터 취급 및 처리(정치적 또는 종교적 신념)/이 사용자 데이터가 수집되는 이유는 무엇인가요? 해당하는 항목을 모두 선택해 주세요./광고 또는 마케팅
PSL_DATA_USAGE_RESPONSES:PSL_POLITICAL_RELIGIOUS:DATA_USAGE_COLLECTION_PURPOSE,PSL_PERSONALIZATION,,MULTIPLE_CHOICE,데이터 취급 및 처리(정치적 또는 종교적 신념)/이 사용자 데이터가 수집되는 이유는 무엇인가요? 해당하는 항목을 모두 선택해 주세요./맞춤설정
PSL_DATA_USAGE_RESPONSES:PSL_POLITICAL_RELIGIOUS:DATA_USAGE_COLLECTION_PURPOSE,PSL_ACCOUNT_MANAGEMENT,true,MULTIPLE_CHOICE,데이터 취급 및 처리(정치적 또는 종교적 신념)/이 사용자 데이터가 수집되는 이유는 무엇인가요? 해당하는 항목을 모두 선택해 주세요./계정 관리
PSL_DATA_USAGE_RESPONSES:PSL_POLITICAL_RELIGIOUS:DATA_USAGE_SHARING_PURPOSE,PSL_APP_FUNCTIONALITY,,MULTIPLE_CHOICE,데이터 취급 및 처리(정치적 또는 종교적 신념)/이 사용자 데이터가 공유되는 이유는 무엇인가요? 해당하는 항목을 모두 선택해 주세요./앱 기능
PSL_DATA_USAGE_RESPONSES:PSL_POLITICAL_RELIGIOUS:DATA_USAGE_SHARING_PURPOSE,PSL_ANALYTICS,,MULTIPLE_CHOICE,데이터 취급 및 처리(정치적 또는 종교적 신념)/이 사용자 데이터가 공유되는 이유는 무엇인가요? 해당하는 항목을 모두 선택해 주세요./애널리틱스
PSL_DATA_USAGE_RESPONSES:PSL_POLITICAL_RELIGIOUS:DATA_USAGE_SHARING_PURPOSE,PSL_DEVELOPER_COMMUNICATIONS,,MULTIPLE_CHOICE,데이터 취급 및 처리(정치적 또는 종교적 신념)/이 사용자 데이터가 공유되는 이유는 무엇인가요? 해당하는 항목을 모두 선택해 주세요./개발자 커뮤니케이션
PSL_DATA_USAGE_RESPONSES:PSL_POLITICAL_RELIGIOUS:DATA_USAGE_SHARING_PURPOSE,PSL_FRAUD_PREVENTION_SECURITY,,MULTIPLE_CHOICE,"데이터 취급 및 처리(정치적 또는 종교적 신념)/이 사용자 데이터가 공유되는 이유는 무엇인가요? 해당하는 항목을 모두 선택해 주세요./사기 예방, 보안, 규정 준수"
PSL_DATA_USAGE_RESPONSES:PSL_POLITICAL_RELIGIOUS:DATA_USAGE_SHARING_PURPOSE,PSL_ADVERTISING,,MULTIPLE_CHOICE,데이터 취급 및 처리(정치적 또는 종교적 신념)/이 사용자 데이터가 공유되는 이유는 무엇인가요? 해당하는 항목을 모두 선택해 주세요./광고 또는 마케팅
PSL_DATA_USAGE_RESPONSES:PSL_POLITICAL_RELIGIOUS:DATA_USAGE_SHARING_PURPOSE,PSL_PERSONALIZATION,,MULTIPLE_CHOICE,데이터 취급 및 처리(정치적 또는 종교적 신념)/이 사용자 데이터가 공유되는 이유는 무엇인가요? 해당하는 항목을 모두 선택해 주세요./맞춤설정
PSL_DATA_USAGE_RESPONSES:PSL_POLITICAL_RELIGIOUS:DATA_USAGE_SHARING_PURPOSE,PSL_ACCOUNT_MANAGEMENT,,MULTIPLE_CHOICE,데이터 취급 및 처리(정치적 또는 종교적 신념)/이 사용자 데이터가 공유되는 이유는 무엇인가요? 해당하는 항목을 모두 선택해 주세요./계정 관리
PSL_DATA_USAGE_RESPONSES:PSL_SEXUAL_ORIENTATION_GENDER_IDENTITY:PSL_DATA_USAGE_COLLECTION_AND_SHARING,PSL_DATA_USAGE_ONLY_COLLECTED,,MULTIPLE_CHOICE,데이터 취급 및 처리(성적 지향)/데이터를 수집 또는 공유하나요? 아니면 수집과 공유를 모두 하나요?/수집됨
PSL_DATA_USAGE_RESPONSES:PSL_SEXUAL_ORIENTATION_GENDER_IDENTITY:PSL_DATA_USAGE_COLLECTION_AND_SHARING,PSL_DATA_USAGE_ONLY_SHARED,,MULTIPLE_CHOICE,데이터 취급 및 처리(성적 지향)/데이터를 수집 또는 공유하나요? 아니면 수집과 공유를 모두 하나요?/공유됨
PSL_DATA_USAGE_RESPONSES:PSL_SEXUAL_ORIENTATION_GENDER_IDENTITY:PSL_DATA_USAGE_EPHEMERAL,,,MAYBE_REQUIRED,데이터 취급 및 처리(성적 지향)/이 데이터는 임시로 처리되나요?
PSL_DATA_USAGE_RESPONSES:PSL_SEXUAL_ORIENTATION_GENDER_IDENTITY:DATA_USAGE_USER_CONTROL,PSL_DATA_USAGE_USER_CONTROL_OPTIONAL,,SINGLE_CHOICE,데이터 취급 및 처리(성적 지향)/이 데이터는 앱에 필수인가요? 아니면 사용자가 수집 여부를 선택할 수 있나요?/사용자가 데이터의 수집 여부를 선택할 수 있습니다
PSL_DATA_USAGE_RESPONSES:PSL_SEXUAL_ORIENTATION_GENDER_IDENTITY:DATA_USAGE_USER_CONTROL,PSL_DATA_USAGE_USER_CONTROL_REQUIRED,,SINGLE_CHOICE,데이터 취급 및 처리(성적 지향)/이 데이터는 앱에 필수인가요? 아니면 사용자가 수집 여부를 선택할 수 있나요?/데이터 수집은 필수입니다(사용자가 이 데이터 수집을 중지할 수 없음)
PSL_DATA_USAGE_RESPONSES:PSL_SEXUAL_ORIENTATION_GENDER_IDENTITY:DATA_USAGE_COLLECTION_PURPOSE,PSL_APP_FUNCTIONALITY,,MULTIPLE_CHOICE,데이터 취급 및 처리(성적 지향)/이 사용자 데이터가 수집되는 이유는 무엇인가요? 해당하는 항목을 모두 선택해 주세요./앱 기능
PSL_DATA_USAGE_RESPONSES:PSL_SEXUAL_ORIENTATION_GENDER_IDENTITY:DATA_USAGE_COLLECTION_PURPOSE,PSL_ANALYTICS,,MULTIPLE_CHOICE,데이터 취급 및 처리(성적 지향)/이 사용자 데이터가 수집되는 이유는 무엇인가요? 해당하는 항목을 모두 선택해 주세요./애널리틱스
PSL_DATA_USAGE_RESPONSES:PSL_SEXUAL_ORIENTATION_GENDER_IDENTITY:DATA_USAGE_COLLECTION_PURPOSE,PSL_DEVELOPER_COMMUNICATIONS,,MULTIPLE_CHOICE,데이터 취급 및 처리(성적 지향)/이 사용자 데이터가 수집되는 이유는 무엇인가요? 해당하는 항목을 모두 선택해 주세요./개발자 커뮤니케이션
PSL_DATA_USAGE_RESPONSES:PSL_SEXUAL_ORIENTATION_GENDER_IDENTITY:DATA_USAGE_COLLECTION_PURPOSE,PSL_FRAUD_PREVENTION_SECURITY,,MULTIPLE_CHOICE,"데이터 취급 및 처리(성적 지향)/이 사용자 데이터가 수집되는 이유는 무엇인가요? 해당하는 항목을 모두 선택해 주세요./사기 예방, 보안, 규정 준수"
PSL_DATA_USAGE_RESPONSES:PSL_SEXUAL_ORIENTATION_GENDER_IDENTITY:DATA_USAGE_COLLECTION_PURPOSE,PSL_ADVERTISING,,MULTIPLE_CHOICE,데이터 취급 및 처리(성적 지향)/이 사용자 데이터가 수집되는 이유는 무엇인가요? 해당하는 항목을 모두 선택해 주세요./광고 또는 마케팅
PSL_DATA_USAGE_RESPONSES:PSL_SEXUAL_ORIENTATION_GENDER_IDENTITY:DATA_USAGE_COLLECTION_PURPOSE,PSL_PERSONALIZATION,,MULTIPLE_CHOICE,데이터 취급 및 처리(성적 지향)/이 사용자 데이터가 수집되는 이유는 무엇인가요? 해당하는 항목을 모두 선택해 주세요./맞춤설정
PSL_DATA_USAGE_RESPONSES:PSL_SEXUAL_ORIENTATION_GENDER_IDENTITY:DATA_USAGE_COLLECTION_PURPOSE,PSL_ACCOUNT_MANAGEMENT,,MULTIPLE_CHOICE,데이터 취급 및 처리(성적 지향)/이 사용자 데이터가 수집되는 이유는 무엇인가요? 해당하는 항목을 모두 선택해 주세요./계정 관리
PSL_DATA_USAGE_RESPONSES:PSL_SEXUAL_ORIENTATION_GENDER_IDENTITY:DATA_USAGE_SHARING_PURPOSE,PSL_APP_FUNCTIONALITY,,MULTIPLE_CHOICE,데이터 취급 및 처리(성적 지향)/이 사용자 데이터가 공유되는 이유는 무엇인가요? 해당하는 항목을 모두 선택해 주세요./앱 기능
PSL_DATA_USAGE_RESPONSES:PSL_SEXUAL_ORIENTATION_GENDER_IDENTITY:DATA_USAGE_SHARING_PURPOSE,PSL_ANALYTICS,,MULTIPLE_CHOICE,데이터 취급 및 처리(성적 지향)/이 사용자 데이터가 공유되는 이유는 무엇인가요? 해당하는 항목을 모두 선택해 주세요./애널리틱스
PSL_DATA_USAGE_RESPONSES:PSL_SEXUAL_ORIENTATION_GENDER_IDENTITY:DATA_USAGE_SHARING_PURPOSE,PSL_DEVELOPER_COMMUNICATIONS,,MULTIPLE_CHOICE,데이터 취급 및 처리(성적 지향)/이 사용자 데이터가 공유되는 이유는 무엇인가요? 해당하는 항목을 모두 선택해 주세요./개발자 커뮤니케이션
PSL_DATA_USAGE_RESPONSES:PSL_SEXUAL_ORIENTATION_GENDER_IDENTITY:DATA_USAGE_SHARING_PURPOSE,PSL_FRAUD_PREVENTION_SECURITY,,MULTIPLE_CHOICE,"데이터 취급 및 처리(성적 지향)/이 사용자 데이터가 공유되는 이유는 무엇인가요? 해당하는 항목을 모두 선택해 주세요./사기 예방, 보안, 규정 준수"
PSL_DATA_USAGE_RESPONSES:PSL_SEXUAL_ORIENTATION_GENDER_IDENTITY:DATA_USAGE_SHARING_PURPOSE,PSL_ADVERTISING,,MULTIPLE_CHOICE,데이터 취급 및 처리(성적 지향)/이 사용자 데이터가 공유되는 이유는 무엇인가요? 해당하는 항목을 모두 선택해 주세요./광고 또는 마케팅
PSL_DATA_USAGE_RESPONSES:PSL_SEXUAL_ORIENTATION_GENDER_IDENTITY:DATA_USAGE_SHARING_PURPOSE,PSL_PERSONALIZATION,,MULTIPLE_CHOICE,데이터 취급 및 처리(성적 지향)/이 사용자 데이터가 공유되는 이유는 무엇인가요? 해당하는 항목을 모두 선택해 주세요./맞춤설정
PSL_DATA_USAGE_RESPONSES:PSL_SEXUAL_ORIENTATION_GENDER_IDENTITY:DATA_USAGE_SHARING_PURPOSE,PSL_ACCOUNT_MANAGEMENT,,MULTIPLE_CHOICE,데이터 취급 및 처리(성적 지향)/이 사용자 데이터가 공유되는 이유는 무엇인가요? 해당하는 항목을 모두 선택해 주세요./계정 관리
PSL_DATA_USAGE_RESPONSES:PSL_OTHER_PERSONAL:PSL_DATA_USAGE_COLLECTION_AND_SHARING,PSL_DATA_USAGE_ONLY_COLLECTED,true,MULTIPLE_CHOICE,데이터 취급 및 처리(기타 정보)/데이터를 수집 또는 공유하나요? 아니면 수집과 공유를 모두 하나요?/수집됨
PSL_DATA_USAGE_RESPONSES:PSL_OTHER_PERSONAL:PSL_DATA_USAGE_COLLECTION_AND_SHARING,PSL_DATA_USAGE_ONLY_SHARED,,MULTIPLE_CHOICE,데이터 취급 및 처리(기타 정보)/데이터를 수집 또는 공유하나요? 아니면 수집과 공유를 모두 하나요?/공유됨
PSL_DATA_USAGE_RESPONSES:PSL_OTHER_PERSONAL:PSL_DATA_USAGE_EPHEMERAL,,false,MAYBE_REQUIRED,데이터 취급 및 처리(기타 정보)/이 데이터는 임시로 처리되나요?
PSL_DATA_USAGE_RESPONSES:PSL_OTHER_PERSONAL:DATA_USAGE_USER_CONTROL,PSL_DATA_USAGE_USER_CONTROL_OPTIONAL,true,SINGLE_CHOICE,데이터 취급 및 처리(기타 정보)/이 데이터는 앱에 필수인가요? 아니면 사용자가 수집 여부를 선택할 수 있나요?/사용자가 데이터의 수집 여부를 선택할 수 있습니다
PSL_DATA_USAGE_RESPONSES:PSL_OTHER_PERSONAL:DATA_USAGE_USER_CONTROL,PSL_DATA_USAGE_USER_CONTROL_REQUIRED,,SINGLE_CHOICE,데이터 취급 및 처리(기타 정보)/이 데이터는 앱에 필수인가요? 아니면 사용자가 수집 여부를 선택할 수 있나요?/데이터 수집은 필수입니다(사용자가 이 데이터 수집을 중지할 수 없음)
PSL_DATA_USAGE_RESPONSES:PSL_OTHER_PERSONAL:DATA_USAGE_COLLECTION_PURPOSE,PSL_APP_FUNCTIONALITY,true,MULTIPLE_CHOICE,데이터 취급 및 처리(기타 정보)/이 사용자 데이터가 수집되는 이유는 무엇인가요? 해당하는 항목을 모두 선택해 주세요./앱 기능
PSL_DATA_USAGE_RESPONSES:PSL_OTHER_PERSONAL:DATA_USAGE_COLLECTION_PURPOSE,PSL_ANALYTICS,,MULTIPLE_CHOICE,데이터 취급 및 처리(기타 정보)/이 사용자 데이터가 수집되는 이유는 무엇인가요? 해당하는 항목을 모두 선택해 주세요./애널리틱스
PSL_DATA_USAGE_RESPONSES:PSL_OTHER_PERSONAL:DATA_USAGE_COLLECTION_PURPOSE,PSL_DEVELOPER_COMMUNICATIONS,,MULTIPLE_CHOICE,데이터 취급 및 처리(기타 정보)/이 사용자 데이터가 수집되는 이유는 무엇인가요? 해당하는 항목을 모두 선택해 주세요./개발자 커뮤니케이션
PSL_DATA_USAGE_RESPONSES:PSL_OTHER_PERSONAL:DATA_USAGE_COLLECTION_PURPOSE,PSL_FRAUD_PREVENTION_SECURITY,,MULTIPLE_CHOICE,"데이터 취급 및 처리(기타 정보)/이 사용자 데이터가 수집되는 이유는 무엇인가요? 해당하는 항목을 모두 선택해 주세요./사기 예방, 보안, 규정 준수"
PSL_DATA_USAGE_RESPONSES:PSL_OTHER_PERSONAL:DATA_USAGE_COLLECTION_PURPOSE,PSL_ADVERTISING,,MULTIPLE_CHOICE,데이터 취급 및 처리(기타 정보)/이 사용자 데이터가 수집되는 이유는 무엇인가요? 해당하는 항목을 모두 선택해 주세요./광고 또는 마케팅
PSL_DATA_USAGE_RESPONSES:PSL_OTHER_PERSONAL:DATA_USAGE_COLLECTION_PURPOSE,PSL_PERSONALIZATION,,MULTIPLE_CHOICE,데이터 취급 및 처리(기타 정보)/이 사용자 데이터가 수집되는 이유는 무엇인가요? 해당하는 항목을 모두 선택해 주세요./맞춤설정
PSL_DATA_USAGE_RESPONSES:PSL_OTHER_PERSONAL:DATA_USAGE_COLLECTION_PURPOSE,PSL_ACCOUNT_MANAGEMENT,,MULTIPLE_CHOICE,데이터 취급 및 처리(기타 정보)/이 사용자 데이터가 수집되는 이유는 무엇인가요? 해당하는 항목을 모두 선택해 주세요./계정 관리
PSL_DATA_USAGE_RESPONSES:PSL_OTHER_PERSONAL:DATA_USAGE_SHARING_PURPOSE,PSL_APP_FUNCTIONALITY,,MULTIPLE_CHOICE,데이터 취급 및 처리(기타 정보)/이 사용자 데이터가 공유되는 이유는 무엇인가요? 해당하는 항목을 모두 선택해 주세요./앱 기능
PSL_DATA_USAGE_RESPONSES:PSL_OTHER_PERSONAL:DATA_USAGE_SHARING_PURPOSE,PSL_ANALYTICS,,MULTIPLE_CHOICE,데이터 취급 및 처리(기타 정보)/이 사용자 데이터가 공유되는 이유는 무엇인가요? 해당하는 항목을 모두 선택해 주세요./애널리틱스
PSL_DATA_USAGE_RESPONSES:PSL_OTHER_PERSONAL:DATA_USAGE_SHARING_PURPOSE,PSL_DEVELOPER_COMMUNICATIONS,,MULTIPLE_CHOICE,데이터 취급 및 처리(기타 정보)/이 사용자 데이터가 공유되는 이유는 무엇인가요? 해당하는 항목을 모두 선택해 주세요./개발자 커뮤니케이션
PSL_DATA_USAGE_RESPONSES:PSL_OTHER_PERSONAL:DATA_USAGE_SHARING_PURPOSE,PSL_FRAUD_PREVENTION_SECURITY,,MULTIPLE_CHOICE,"데이터 취급 및 처리(기타 정보)/이 사용자 데이터가 공유되는 이유는 무엇인가요? 해당하는 항목을 모두 선택해 주세요./사기 예방, 보안, 규정 준수"
PSL_DATA_USAGE_RESPONSES:PSL_OTHER_PERSONAL:DATA_USAGE_SHARING_PURPOSE,PSL_ADVERTISING,,MULTIPLE_CHOICE,데이터 취급 및 처리(기타 정보)/이 사용자 데이터가 공유되는 이유는 무엇인가요? 해당하는 항목을 모두 선택해 주세요./광고 또는 마케팅
PSL_DATA_USAGE_RESPONSES:PSL_OTHER_PERSONAL:DATA_USAGE_SHARING_PURPOSE,PSL_PERSONALIZATION,,MULTIPLE_CHOICE,데이터 취급 및 처리(기타 정보)/이 사용자 데이터가 공유되는 이유는 무엇인가요? 해당하는 항목을 모두 선택해 주세요./맞춤설정
PSL_DATA_USAGE_RESPONSES:PSL_OTHER_PERSONAL:DATA_USAGE_SHARING_PURPOSE,PSL_ACCOUNT_MANAGEMENT,,MULTIPLE_CHOICE,데이터 취급 및 처리(기타 정보)/이 사용자 데이터가 공유되는 이유는 무엇인가요? 해당하는 항목을 모두 선택해 주세요./계정 관리
PSL_DATA_USAGE_RESPONSES:PSL_CREDIT_DEBIT_BANK_ACCOUNT_NUMBER:PSL_DATA_USAGE_COLLECTION_AND_SHARING,PSL_DATA_USAGE_ONLY_COLLECTED,,MULTIPLE_CHOICE,데이터 취급 및 처리(사용자 결제 정보)/데이터를 수집 또는 공유하나요? 아니면 수집과 공유를 모두 하나요?/수집됨
PSL_DATA_USAGE_RESPONSES:PSL_CREDIT_DEBIT_BANK_ACCOUNT_NUMBER:PSL_DATA_USAGE_COLLECTION_AND_SHARING,PSL_DATA_USAGE_ONLY_SHARED,,MULTIPLE_CHOICE,데이터 취급 및 처리(사용자 결제 정보)/데이터를 수집 또는 공유하나요? 아니면 수집과 공유를 모두 하나요?/공유됨
PSL_DATA_USAGE_RESPONSES:PSL_CREDIT_DEBIT_BANK_ACCOUNT_NUMBER:PSL_DATA_USAGE_EPHEMERAL,,,MAYBE_REQUIRED,데이터 취급 및 처리(사용자 결제 정보)/이 데이터는 임시로 처리되나요?
PSL_DATA_USAGE_RESPONSES:PSL_CREDIT_DEBIT_BANK_ACCOUNT_NUMBER:DATA_USAGE_USER_CONTROL,PSL_DATA_USAGE_USER_CONTROL_OPTIONAL,,SINGLE_CHOICE,데이터 취급 및 처리(사용자 결제 정보)/이 데이터는 앱에 필수인가요? 아니면 사용자가 수집 여부를 선택할 수 있나요?/사용자가 데이터의 수집 여부를 선택할 수 있습니다
PSL_DATA_USAGE_RESPONSES:PSL_CREDIT_DEBIT_BANK_ACCOUNT_NUMBER:DATA_USAGE_USER_CONTROL,PSL_DATA_USAGE_USER_CONTROL_REQUIRED,,SINGLE_CHOICE,데이터 취급 및 처리(사용자 결제 정보)/이 데이터는 앱에 필수인가요? 아니면 사용자가 수집 여부를 선택할 수 있나요?/데이터 수집은 필수입니다(사용자가 이 데이터 수집을 중지할 수 없음)
PSL_DATA_USAGE_RESPONSES:PSL_CREDIT_DEBIT_BANK_ACCOUNT_NUMBER:DATA_USAGE_COLLECTION_PURPOSE,PSL_APP_FUNCTIONALITY,,MULTIPLE_CHOICE,데이터 취급 및 처리(사용자 결제 정보)/이 사용자 데이터가 수집되는 이유는 무엇인가요? 해당하는 항목을 모두 선택해 주세요./앱 기능
PSL_DATA_USAGE_RESPONSES:PSL_CREDIT_DEBIT_BANK_ACCOUNT_NUMBER:DATA_USAGE_COLLECTION_PURPOSE,PSL_ANALYTICS,,MULTIPLE_CHOICE,데이터 취급 및 처리(사용자 결제 정보)/이 사용자 데이터가 수집되는 이유는 무엇인가요? 해당하는 항목을 모두 선택해 주세요./애널리틱스
PSL_DATA_USAGE_RESPONSES:PSL_CREDIT_DEBIT_BANK_ACCOUNT_NUMBER:DATA_USAGE_COLLECTION_PURPOSE,PSL_DEVELOPER_COMMUNICATIONS,,MULTIPLE_CHOICE,데이터 취급 및 처리(사용자 결제 정보)/이 사용자 데이터가 수집되는 이유는 무엇인가요? 해당하는 항목을 모두 선택해 주세요./개발자 커뮤니케이션
PSL_DATA_USAGE_RESPONSES:PSL_CREDIT_DEBIT_BANK_ACCOUNT_NUMBER:DATA_USAGE_COLLECTION_PURPOSE,PSL_FRAUD_PREVENTION_SECURITY,,MULTIPLE_CHOICE,"데이터 취급 및 처리(사용자 결제 정보)/이 사용자 데이터가 수집되는 이유는 무엇인가요? 해당하는 항목을 모두 선택해 주세요./사기 예방, 보안, 규정 준수"
PSL_DATA_USAGE_RESPONSES:PSL_CREDIT_DEBIT_BANK_ACCOUNT_NUMBER:DATA_USAGE_COLLECTION_PURPOSE,PSL_ADVERTISING,,MULTIPLE_CHOICE,데이터 취급 및 처리(사용자 결제 정보)/이 사용자 데이터가 수집되는 이유는 무엇인가요? 해당하는 항목을 모두 선택해 주세요./광고 또는 마케팅
PSL_DATA_USAGE_RESPONSES:PSL_CREDIT_DEBIT_BANK_ACCOUNT_NUMBER:DATA_USAGE_COLLECTION_PURPOSE,PSL_PERSONALIZATION,,MULTIPLE_CHOICE,데이터 취급 및 처리(사용자 결제 정보)/이 사용자 데이터가 수집되는 이유는 무엇인가요? 해당하는 항목을 모두 선택해 주세요./맞춤설정
PSL_DATA_USAGE_RESPONSES:PSL_CREDIT_DEBIT_BANK_ACCOUNT_NUMBER:DATA_USAGE_COLLECTION_PURPOSE,PSL_ACCOUNT_MANAGEMENT,,MULTIPLE_CHOICE,데이터 취급 및 처리(사용자 결제 정보)/이 사용자 데이터가 수집되는 이유는 무엇인가요? 해당하는 항목을 모두 선택해 주세요./계정 관리
PSL_DATA_USAGE_RESPONSES:PSL_CREDIT_DEBIT_BANK_ACCOUNT_NUMBER:DATA_USAGE_SHARING_PURPOSE,PSL_APP_FUNCTIONALITY,,MULTIPLE_CHOICE,데이터 취급 및 처리(사용자 결제 정보)/이 사용자 데이터가 공유되는 이유는 무엇인가요? 해당하는 항목을 모두 선택해 주세요./앱 기능
PSL_DATA_USAGE_RESPONSES:PSL_CREDIT_DEBIT_BANK_ACCOUNT_NUMBER:DATA_USAGE_SHARING_PURPOSE,PSL_ANALYTICS,,MULTIPLE_CHOICE,데이터 취급 및 처리(사용자 결제 정보)/이 사용자 데이터가 공유되는 이유는 무엇인가요? 해당하는 항목을 모두 선택해 주세요./애널리틱스
PSL_DATA_USAGE_RESPONSES:PSL_CREDIT_DEBIT_BANK_ACCOUNT_NUMBER:DATA_USAGE_SHARING_PURPOSE,PSL_DEVELOPER_COMMUNICATIONS,,MULTIPLE_CHOICE,데이터 취급 및 처리(사용자 결제 정보)/이 사용자 데이터가 공유되는 이유는 무엇인가요? 해당하는 항목을 모두 선택해 주세요./개발자 커뮤니케이션
PSL_DATA_USAGE_RESPONSES:PSL_CREDIT_DEBIT_BANK_ACCOUNT_NUMBER:DATA_USAGE_SHARING_PURPOSE,PSL_FRAUD_PREVENTION_SECURITY,,MULTIPLE_CHOICE,"데이터 취급 및 처리(사용자 결제 정보)/이 사용자 데이터가 공유되는 이유는 무엇인가요? 해당하는 항목을 모두 선택해 주세요./사기 예방, 보안, 규정 준수"
PSL_DATA_USAGE_RESPONSES:PSL_CREDIT_DEBIT_BANK_ACCOUNT_NUMBER:DATA_USAGE_SHARING_PURPOSE,PSL_ADVERTISING,,MULTIPLE_CHOICE,데이터 취급 및 처리(사용자 결제 정보)/이 사용자 데이터가 공유되는 이유는 무엇인가요? 해당하는 항목을 모두 선택해 주세요./광고 또는 마케팅
PSL_DATA_USAGE_RESPONSES:PSL_CREDIT_DEBIT_BANK_ACCOUNT_NUMBER:DATA_USAGE_SHARING_PURPOSE,PSL_PERSONALIZATION,,MULTIPLE_CHOICE,데이터 취급 및 처리(사용자 결제 정보)/이 사용자 데이터가 공유되는 이유는 무엇인가요? 해당하는 항목을 모두 선택해 주세요./맞춤설정
PSL_DATA_USAGE_RESPONSES:PSL_CREDIT_DEBIT_BANK_ACCOUNT_NUMBER:DATA_USAGE_SHARING_PURPOSE,PSL_ACCOUNT_MANAGEMENT,,MULTIPLE_CHOICE,데이터 취급 및 처리(사용자 결제 정보)/이 사용자 데이터가 공유되는 이유는 무엇인가요? 해당하는 항목을 모두 선택해 주세요./계정 관리
PSL_DATA_USAGE_RESPONSES:PSL_PURCHASE_HISTORY:PSL_DATA_USAGE_COLLECTION_AND_SHARING,PSL_DATA_USAGE_ONLY_COLLECTED,,MULTIPLE_CHOICE,데이터 취급 및 처리(구매 내역)/데이터를 수집 또는 공유하나요? 아니면 수집과 공유를 모두 하나요?/수집됨
PSL_DATA_USAGE_RESPONSES:PSL_PURCHASE_HISTORY:PSL_DATA_USAGE_COLLECTION_AND_SHARING,PSL_DATA_USAGE_ONLY_SHARED,,MULTIPLE_CHOICE,데이터 취급 및 처리(구매 내역)/데이터를 수집 또는 공유하나요? 아니면 수집과 공유를 모두 하나요?/공유됨
PSL_DATA_USAGE_RESPONSES:PSL_PURCHASE_HISTORY:PSL_DATA_USAGE_EPHEMERAL,,,MAYBE_REQUIRED,데이터 취급 및 처리(구매 내역)/이 데이터는 임시로 처리되나요?
PSL_DATA_USAGE_RESPONSES:PSL_PURCHASE_HISTORY:DATA_USAGE_USER_CONTROL,PSL_DATA_USAGE_USER_CONTROL_OPTIONAL,,SINGLE_CHOICE,데이터 취급 및 처리(구매 내역)/이 데이터는 앱에 필수인가요? 아니면 사용자가 수집 여부를 선택할 수 있나요?/사용자가 데이터의 수집 여부를 선택할 수 있습니다
PSL_DATA_USAGE_RESPONSES:PSL_PURCHASE_HISTORY:DATA_USAGE_USER_CONTROL,PSL_DATA_USAGE_USER_CONTROL_REQUIRED,,SINGLE_CHOICE,데이터 취급 및 처리(구매 내역)/이 데이터는 앱에 필수인가요? 아니면 사용자가 수집 여부를 선택할 수 있나요?/데이터 수집은 필수입니다(사용자가 이 데이터 수집을 중지할 수 없음)
PSL_DATA_USAGE_RESPONSES:PSL_PURCHASE_HISTORY:DATA_USAGE_COLLECTION_PURPOSE,PSL_APP_FUNCTIONALITY,,MULTIPLE_CHOICE,데이터 취급 및 처리(구매 내역)/이 사용자 데이터가 수집되는 이유는 무엇인가요? 해당하는 항목을 모두 선택해 주세요./앱 기능
PSL_DATA_USAGE_RESPONSES:PSL_PURCHASE_HISTORY:DATA_USAGE_COLLECTION_PURPOSE,PSL_ANALYTICS,,MULTIPLE_CHOICE,데이터 취급 및 처리(구매 내역)/이 사용자 데이터가 수집되는 이유는 무엇인가요? 해당하는 항목을 모두 선택해 주세요./애널리틱스
PSL_DATA_USAGE_RESPONSES:PSL_PURCHASE_HISTORY:DATA_USAGE_COLLECTION_PURPOSE,PSL_DEVELOPER_COMMUNICATIONS,,MULTIPLE_CHOICE,데이터 취급 및 처리(구매 내역)/이 사용자 데이터가 수집되는 이유는 무엇인가요? 해당하는 항목을 모두 선택해 주세요./개발자 커뮤니케이션
PSL_DATA_USAGE_RESPONSES:PSL_PURCHASE_HISTORY:DATA_USAGE_COLLECTION_PURPOSE,PSL_FRAUD_PREVENTION_SECURITY,,MULTIPLE_CHOICE,"데이터 취급 및 처리(구매 내역)/이 사용자 데이터가 수집되는 이유는 무엇인가요? 해당하는 항목을 모두 선택해 주세요./사기 예방, 보안, 규정 준수"
PSL_DATA_USAGE_RESPONSES:PSL_PURCHASE_HISTORY:DATA_USAGE_COLLECTION_PURPOSE,PSL_ADVERTISING,,MULTIPLE_CHOICE,데이터 취급 및 처리(구매 내역)/이 사용자 데이터가 수집되는 이유는 무엇인가요? 해당하는 항목을 모두 선택해 주세요./광고 또는 마케팅
PSL_DATA_USAGE_RESPONSES:PSL_PURCHASE_HISTORY:DATA_USAGE_COLLECTION_PURPOSE,PSL_PERSONALIZATION,,MULTIPLE_CHOICE,데이터 취급 및 처리(구매 내역)/이 사용자 데이터가 수집되는 이유는 무엇인가요? 해당하는 항목을 모두 선택해 주세요./맞춤설정
PSL_DATA_USAGE_RESPONSES:PSL_PURCHASE_HISTORY:DATA_USAGE_COLLECTION_PURPOSE,PSL_ACCOUNT_MANAGEMENT,,MULTIPLE_CHOICE,데이터 취급 및 처리(구매 내역)/이 사용자 데이터가 수집되는 이유는 무엇인가요? 해당하는 항목을 모두 선택해 주세요./계정 관리
PSL_DATA_USAGE_RESPONSES:PSL_PURCHASE_HISTORY:DATA_USAGE_SHARING_PURPOSE,PSL_APP_FUNCTIONALITY,,MULTIPLE_CHOICE,데이터 취급 및 처리(구매 내역)/이 사용자 데이터가 공유되는 이유는 무엇인가요? 해당하는 항목을 모두 선택해 주세요./앱 기능
PSL_DATA_USAGE_RESPONSES:PSL_PURCHASE_HISTORY:DATA_USAGE_SHARING_PURPOSE,PSL_ANALYTICS,,MULTIPLE_CHOICE,데이터 취급 및 처리(구매 내역)/이 사용자 데이터가 공유되는 이유는 무엇인가요? 해당하는 항목을 모두 선택해 주세요./애널리틱스
PSL_DATA_USAGE_RESPONSES:PSL_PURCHASE_HISTORY:DATA_USAGE_SHARING_PURPOSE,PSL_DEVELOPER_COMMUNICATIONS,,MULTIPLE_CHOICE,데이터 취급 및 처리(구매 내역)/이 사용자 데이터가 공유되는 이유는 무엇인가요? 해당하는 항목을 모두 선택해 주세요./개발자 커뮤니케이션
PSL_DATA_USAGE_RESPONSES:PSL_PURCHASE_HISTORY:DATA_USAGE_SHARING_PURPOSE,PSL_FRAUD_PREVENTION_SECURITY,,MULTIPLE_CHOICE,"데이터 취급 및 처리(구매 내역)/이 사용자 데이터가 공유되는 이유는 무엇인가요? 해당하는 항목을 모두 선택해 주세요./사기 예방, 보안, 규정 준수"
PSL_DATA_USAGE_RESPONSES:PSL_PURCHASE_HISTORY:DATA_USAGE_SHARING_PURPOSE,PSL_ADVERTISING,,MULTIPLE_CHOICE,데이터 취급 및 처리(구매 내역)/이 사용자 데이터가 공유되는 이유는 무엇인가요? 해당하는 항목을 모두 선택해 주세요./광고 또는 마케팅
PSL_DATA_USAGE_RESPONSES:PSL_PURCHASE_HISTORY:DATA_USAGE_SHARING_PURPOSE,PSL_PERSONALIZATION,,MULTIPLE_CHOICE,데이터 취급 및 처리(구매 내역)/이 사용자 데이터가 공유되는 이유는 무엇인가요? 해당하는 항목을 모두 선택해 주세요./맞춤설정
PSL_DATA_USAGE_RESPONSES:PSL_PURCHASE_HISTORY:DATA_USAGE_SHARING_PURPOSE,PSL_ACCOUNT_MANAGEMENT,,MULTIPLE_CHOICE,데이터 취급 및 처리(구매 내역)/이 사용자 데이터가 공유되는 이유는 무엇인가요? 해당하는 항목을 모두 선택해 주세요./계정 관리
PSL_DATA_USAGE_RESPONSES:PSL_CREDIT_SCORE:PSL_DATA_USAGE_COLLECTION_AND_SHARING,PSL_DATA_USAGE_ONLY_COLLECTED,,MULTIPLE_CHOICE,데이터 취급 및 처리(신용 점수)/데이터를 수집 또는 공유하나요? 아니면 수집과 공유를 모두 하나요?/수집됨
PSL_DATA_USAGE_RESPONSES:PSL_CREDIT_SCORE:PSL_DATA_USAGE_COLLECTION_AND_SHARING,PSL_DATA_USAGE_ONLY_SHARED,,MULTIPLE_CHOICE,데이터 취급 및 처리(신용 점수)/데이터를 수집 또는 공유하나요? 아니면 수집과 공유를 모두 하나요?/공유됨
PSL_DATA_USAGE_RESPONSES:PSL_CREDIT_SCORE:PSL_DATA_USAGE_EPHEMERAL,,,MAYBE_REQUIRED,데이터 취급 및 처리(신용 점수)/이 데이터는 임시로 처리되나요?
PSL_DATA_USAGE_RESPONSES:PSL_CREDIT_SCORE:DATA_USAGE_USER_CONTROL,PSL_DATA_USAGE_USER_CONTROL_OPTIONAL,,SINGLE_CHOICE,데이터 취급 및 처리(신용 점수)/이 데이터는 앱에 필수인가요? 아니면 사용자가 수집 여부를 선택할 수 있나요?/사용자가 데이터의 수집 여부를 선택할 수 있습니다
PSL_DATA_USAGE_RESPONSES:PSL_CREDIT_SCORE:DATA_USAGE_USER_CONTROL,PSL_DATA_USAGE_USER_CONTROL_REQUIRED,,SINGLE_CHOICE,데이터 취급 및 처리(신용 점수)/이 데이터는 앱에 필수인가요? 아니면 사용자가 수집 여부를 선택할 수 있나요?/데이터 수집은 필수입니다(사용자가 이 데이터 수집을 중지할 수 없음)
PSL_DATA_USAGE_RESPONSES:PSL_CREDIT_SCORE:DATA_USAGE_COLLECTION_PURPOSE,PSL_APP_FUNCTIONALITY,,MULTIPLE_CHOICE,데이터 취급 및 처리(신용 점수)/이 사용자 데이터가 수집되는 이유는 무엇인가요? 해당하는 항목을 모두 선택해 주세요./앱 기능
PSL_DATA_USAGE_RESPONSES:PSL_CREDIT_SCORE:DATA_USAGE_COLLECTION_PURPOSE,PSL_ANALYTICS,,MULTIPLE_CHOICE,데이터 취급 및 처리(신용 점수)/이 사용자 데이터가 수집되는 이유는 무엇인가요? 해당하는 항목을 모두 선택해 주세요./애널리틱스
PSL_DATA_USAGE_RESPONSES:PSL_CREDIT_SCORE:DATA_USAGE_COLLECTION_PURPOSE,PSL_DEVELOPER_COMMUNICATIONS,,MULTIPLE_CHOICE,데이터 취급 및 처리(신용 점수)/이 사용자 데이터가 수집되는 이유는 무엇인가요? 해당하는 항목을 모두 선택해 주세요./개발자 커뮤니케이션
PSL_DATA_USAGE_RESPONSES:PSL_CREDIT_SCORE:DATA_USAGE_COLLECTION_PURPOSE,PSL_FRAUD_PREVENTION_SECURITY,,MULTIPLE_CHOICE,"데이터 취급 및 처리(신용 점수)/이 사용자 데이터가 수집되는 이유는 무엇인가요? 해당하는 항목을 모두 선택해 주세요./사기 예방, 보안, 규정 준수"
PSL_DATA_USAGE_RESPONSES:PSL_CREDIT_SCORE:DATA_USAGE_COLLECTION_PURPOSE,PSL_ADVERTISING,,MULTIPLE_CHOICE,데이터 취급 및 처리(신용 점수)/이 사용자 데이터가 수집되는 이유는 무엇인가요? 해당하는 항목을 모두 선택해 주세요./광고 또는 마케팅
PSL_DATA_USAGE_RESPONSES:PSL_CREDIT_SCORE:DATA_USAGE_COLLECTION_PURPOSE,PSL_PERSONALIZATION,,MULTIPLE_CHOICE,데이터 취급 및 처리(신용 점수)/이 사용자 데이터가 수집되는 이유는 무엇인가요? 해당하는 항목을 모두 선택해 주세요./맞춤설정
PSL_DATA_USAGE_RESPONSES:PSL_CREDIT_SCORE:DATA_USAGE_COLLECTION_PURPOSE,PSL_ACCOUNT_MANAGEMENT,,MULTIPLE_CHOICE,데이터 취급 및 처리(신용 점수)/이 사용자 데이터가 수집되는 이유는 무엇인가요? 해당하는 항목을 모두 선택해 주세요./계정 관리
PSL_DATA_USAGE_RESPONSES:PSL_CREDIT_SCORE:DATA_USAGE_SHARING_PURPOSE,PSL_APP_FUNCTIONALITY,,MULTIPLE_CHOICE,데이터 취급 및 처리(신용 점수)/이 사용자 데이터가 공유되는 이유는 무엇인가요? 해당하는 항목을 모두 선택해 주세요./앱 기능
PSL_DATA_USAGE_RESPONSES:PSL_CREDIT_SCORE:DATA_USAGE_SHARING_PURPOSE,PSL_ANALYTICS,,MULTIPLE_CHOICE,데이터 취급 및 처리(신용 점수)/이 사용자 데이터가 공유되는 이유는 무엇인가요? 해당하는 항목을 모두 선택해 주세요./애널리틱스
PSL_DATA_USAGE_RESPONSES:PSL_CREDIT_SCORE:DATA_USAGE_SHARING_PURPOSE,PSL_DEVELOPER_COMMUNICATIONS,,MULTIPLE_CHOICE,데이터 취급 및 처리(신용 점수)/이 사용자 데이터가 공유되는 이유는 무엇인가요? 해당하는 항목을 모두 선택해 주세요./개발자 커뮤니케이션
PSL_DATA_USAGE_RESPONSES:PSL_CREDIT_SCORE:DATA_USAGE_SHARING_PURPOSE,PSL_FRAUD_PREVENTION_SECURITY,,MULTIPLE_CHOICE,"데이터 취급 및 처리(신용 점수)/이 사용자 데이터가 공유되는 이유는 무엇인가요? 해당하는 항목을 모두 선택해 주세요./사기 예방, 보안, 규정 준수"
PSL_DATA_USAGE_RESPONSES:PSL_CREDIT_SCORE:DATA_USAGE_SHARING_PURPOSE,PSL_ADVERTISING,,MULTIPLE_CHOICE,데이터 취급 및 처리(신용 점수)/이 사용자 데이터가 공유되는 이유는 무엇인가요? 해당하는 항목을 모두 선택해 주세요./광고 또는 마케팅
PSL_DATA_USAGE_RESPONSES:PSL_CREDIT_SCORE:DATA_USAGE_SHARING_PURPOSE,PSL_PERSONALIZATION,,MULTIPLE_CHOICE,데이터 취급 및 처리(신용 점수)/이 사용자 데이터가 공유되는 이유는 무엇인가요? 해당하는 항목을 모두 선택해 주세요./맞춤설정
PSL_DATA_USAGE_RESPONSES:PSL_CREDIT_SCORE:DATA_USAGE_SHARING_PURPOSE,PSL_ACCOUNT_MANAGEMENT,,MULTIPLE_CHOICE,데이터 취급 및 처리(신용 점수)/이 사용자 데이터가 공유되는 이유는 무엇인가요? 해당하는 항목을 모두 선택해 주세요./계정 관리
PSL_DATA_USAGE_RESPONSES:PSL_OTHER:PSL_DATA_USAGE_COLLECTION_AND_SHARING,PSL_DATA_USAGE_ONLY_COLLECTED,,MULTIPLE_CHOICE,데이터 취급 및 처리(기타 금융 정보)/데이터를 수집 또는 공유하나요? 아니면 수집과 공유를 모두 하나요?/수집됨
PSL_DATA_USAGE_RESPONSES:PSL_OTHER:PSL_DATA_USAGE_COLLECTION_AND_SHARING,PSL_DATA_USAGE_ONLY_SHARED,,MULTIPLE_CHOICE,데이터 취급 및 처리(기타 금융 정보)/데이터를 수집 또는 공유하나요? 아니면 수집과 공유를 모두 하나요?/공유됨
PSL_DATA_USAGE_RESPONSES:PSL_OTHER:PSL_DATA_USAGE_EPHEMERAL,,,MAYBE_REQUIRED,데이터 취급 및 처리(기타 금융 정보)/이 데이터는 임시로 처리되나요?
PSL_DATA_USAGE_RESPONSES:PSL_OTHER:DATA_USAGE_USER_CONTROL,PSL_DATA_USAGE_USER_CONTROL_OPTIONAL,,SINGLE_CHOICE,데이터 취급 및 처리(기타 금융 정보)/이 데이터는 앱에 필수인가요? 아니면 사용자가 수집 여부를 선택할 수 있나요?/사용자가 데이터의 수집 여부를 선택할 수 있습니다
PSL_DATA_USAGE_RESPONSES:PSL_OTHER:DATA_USAGE_USER_CONTROL,PSL_DATA_USAGE_USER_CONTROL_REQUIRED,,SINGLE_CHOICE,데이터 취급 및 처리(기타 금융 정보)/이 데이터는 앱에 필수인가요? 아니면 사용자가 수집 여부를 선택할 수 있나요?/데이터 수집은 필수입니다(사용자가 이 데이터 수집을 중지할 수 없음)
PSL_DATA_USAGE_RESPONSES:PSL_OTHER:DATA_USAGE_COLLECTION_PURPOSE,PSL_APP_FUNCTIONALITY,,MULTIPLE_CHOICE,데이터 취급 및 처리(기타 금융 정보)/이 사용자 데이터가 수집되는 이유는 무엇인가요? 해당하는 항목을 모두 선택해 주세요./앱 기능
PSL_DATA_USAGE_RESPONSES:PSL_OTHER:DATA_USAGE_COLLECTION_PURPOSE,PSL_ANALYTICS,,MULTIPLE_CHOICE,데이터 취급 및 처리(기타 금융 정보)/이 사용자 데이터가 수집되는 이유는 무엇인가요? 해당하는 항목을 모두 선택해 주세요./애널리틱스
PSL_DATA_USAGE_RESPONSES:PSL_OTHER:DATA_USAGE_COLLECTION_PURPOSE,PSL_DEVELOPER_COMMUNICATIONS,,MULTIPLE_CHOICE,데이터 취급 및 처리(기타 금융 정보)/이 사용자 데이터가 수집되는 이유는 무엇인가요? 해당하는 항목을 모두 선택해 주세요./개발자 커뮤니케이션
PSL_DATA_USAGE_RESPONSES:PSL_OTHER:DATA_USAGE_COLLECTION_PURPOSE,PSL_FRAUD_PREVENTION_SECURITY,,MULTIPLE_CHOICE,"데이터 취급 및 처리(기타 금융 정보)/이 사용자 데이터가 수집되는 이유는 무엇인가요? 해당하는 항목을 모두 선택해 주세요./사기 예방, 보안, 규정 준수"
PSL_DATA_USAGE_RESPONSES:PSL_OTHER:DATA_USAGE_COLLECTION_PURPOSE,PSL_ADVERTISING,,MULTIPLE_CHOICE,데이터 취급 및 처리(기타 금융 정보)/이 사용자 데이터가 수집되는 이유는 무엇인가요? 해당하는 항목을 모두 선택해 주세요./광고 또는 마케팅
PSL_DATA_USAGE_RESPONSES:PSL_OTHER:DATA_USAGE_COLLECTION_PURPOSE,PSL_PERSONALIZATION,,MULTIPLE_CHOICE,데이터 취급 및 처리(기타 금융 정보)/이 사용자 데이터가 수집되는 이유는 무엇인가요? 해당하는 항목을 모두 선택해 주세요./맞춤설정
PSL_DATA_USAGE_RESPONSES:PSL_OTHER:DATA_USAGE_COLLECTION_PURPOSE,PSL_ACCOUNT_MANAGEMENT,,MULTIPLE_CHOICE,데이터 취급 및 처리(기타 금융 정보)/이 사용자 데이터가 수집되는 이유는 무엇인가요? 해당하는 항목을 모두 선택해 주세요./계정 관리
PSL_DATA_USAGE_RESPONSES:PSL_OTHER:DATA_USAGE_SHARING_PURPOSE,PSL_APP_FUNCTIONALITY,,MULTIPLE_CHOICE,데이터 취급 및 처리(기타 금융 정보)/이 사용자 데이터가 공유되는 이유는 무엇인가요? 해당하는 항목을 모두 선택해 주세요./앱 기능
PSL_DATA_USAGE_RESPONSES:PSL_OTHER:DATA_USAGE_SHARING_PURPOSE,PSL_ANALYTICS,,MULTIPLE_CHOICE,데이터 취급 및 처리(기타 금융 정보)/이 사용자 데이터가 공유되는 이유는 무엇인가요? 해당하는 항목을 모두 선택해 주세요./애널리틱스
PSL_DATA_USAGE_RESPONSES:PSL_OTHER:DATA_USAGE_SHARING_PURPOSE,PSL_DEVELOPER_COMMUNICATIONS,,MULTIPLE_CHOICE,데이터 취급 및 처리(기타 금융 정보)/이 사용자 데이터가 공유되는 이유는 무엇인가요? 해당하는 항목을 모두 선택해 주세요./개발자 커뮤니케이션
PSL_DATA_USAGE_RESPONSES:PSL_OTHER:DATA_USAGE_SHARING_PURPOSE,PSL_FRAUD_PREVENTION_SECURITY,,MULTIPLE_CHOICE,"데이터 취급 및 처리(기타 금융 정보)/이 사용자 데이터가 공유되는 이유는 무엇인가요? 해당하는 항목을 모두 선택해 주세요./사기 예방, 보안, 규정 준수"
PSL_DATA_USAGE_RESPONSES:PSL_OTHER:DATA_USAGE_SHARING_PURPOSE,PSL_ADVERTISING,,MULTIPLE_CHOICE,데이터 취급 및 처리(기타 금융 정보)/이 사용자 데이터가 공유되는 이유는 무엇인가요? 해당하는 항목을 모두 선택해 주세요./광고 또는 마케팅
PSL_DATA_USAGE_RESPONSES:PSL_OTHER:DATA_USAGE_SHARING_PURPOSE,PSL_PERSONALIZATION,,MULTIPLE_CHOICE,데이터 취급 및 처리(기타 금융 정보)/이 사용자 데이터가 공유되는 이유는 무엇인가요? 해당하는 항목을 모두 선택해 주세요./맞춤설정
PSL_DATA_USAGE_RESPONSES:PSL_OTHER:DATA_USAGE_SHARING_PURPOSE,PSL_ACCOUNT_MANAGEMENT,,MULTIPLE_CHOICE,데이터 취급 및 처리(기타 금융 정보)/이 사용자 데이터가 공유되는 이유는 무엇인가요? 해당하는 항목을 모두 선택해 주세요./계정 관리
PSL_DATA_USAGE_RESPONSES:PSL_APPROX_LOCATION:PSL_DATA_USAGE_COLLECTION_AND_SHARING,PSL_DATA_USAGE_ONLY_COLLECTED,true,MULTIPLE_CHOICE,데이터 취급 및 처리(대략적인 위치)/데이터를 수집 또는 공유하나요? 아니면 수집과 공유를 모두 하나요?/수집됨
PSL_DATA_USAGE_RESPONSES:PSL_APPROX_LOCATION:PSL_DATA_USAGE_COLLECTION_AND_SHARING,PSL_DATA_USAGE_ONLY_SHARED,true,MULTIPLE_CHOICE,데이터 취급 및 처리(대략적인 위치)/데이터를 수집 또는 공유하나요? 아니면 수집과 공유를 모두 하나요?/공유됨
PSL_DATA_USAGE_RESPONSES:PSL_APPROX_LOCATION:PSL_DATA_USAGE_EPHEMERAL,,false,MAYBE_REQUIRED,데이터 취급 및 처리(대략적인 위치)/이 데이터는 임시로 처리되나요?
PSL_DATA_USAGE_RESPONSES:PSL_APPROX_LOCATION:DATA_USAGE_USER_CONTROL,PSL_DATA_USAGE_USER_CONTROL_OPTIONAL,true,SINGLE_CHOICE,데이터 취급 및 처리(대략적인 위치)/이 데이터는 앱에 필수인가요? 아니면 사용자가 수집 여부를 선택할 수 있나요?/사용자가 데이터의 수집 여부를 선택할 수 있습니다
PSL_DATA_USAGE_RESPONSES:PSL_APPROX_LOCATION:DATA_USAGE_USER_CONTROL,PSL_DATA_USAGE_USER_CONTROL_REQUIRED,,SINGLE_CHOICE,데이터 취급 및 처리(대략적인 위치)/이 데이터는 앱에 필수인가요? 아니면 사용자가 수집 여부를 선택할 수 있나요?/데이터 수집은 필수입니다(사용자가 이 데이터 수집을 중지할 수 없음)
PSL_DATA_USAGE_RESPONSES:PSL_APPROX_LOCATION:DATA_USAGE_COLLECTION_PURPOSE,PSL_APP_FUNCTIONALITY,,MULTIPLE_CHOICE,데이터 취급 및 처리(대략적인 위치)/이 사용자 데이터가 수집되는 이유는 무엇인가요? 해당하는 항목을 모두 선택해 주세요./앱 기능
PSL_DATA_USAGE_RESPONSES:PSL_APPROX_LOCATION:DATA_USAGE_COLLECTION_PURPOSE,PSL_ANALYTICS,,MULTIPLE_CHOICE,데이터 취급 및 처리(대략적인 위치)/이 사용자 데이터가 수집되는 이유는 무엇인가요? 해당하는 항목을 모두 선택해 주세요./애널리틱스
PSL_DATA_USAGE_RESPONSES:PSL_APPROX_LOCATION:DATA_USAGE_COLLECTION_PURPOSE,PSL_DEVELOPER_COMMUNICATIONS,,MULTIPLE_CHOICE,데이터 취급 및 처리(대략적인 위치)/이 사용자 데이터가 수집되는 이유는 무엇인가요? 해당하는 항목을 모두 선택해 주세요./개발자 커뮤니케이션
PSL_DATA_USAGE_RESPONSES:PSL_APPROX_LOCATION:DATA_USAGE_COLLECTION_PURPOSE,PSL_FRAUD_PREVENTION_SECURITY,true,MULTIPLE_CHOICE,"데이터 취급 및 처리(대략적인 위치)/이 사용자 데이터가 수집되는 이유는 무엇인가요? 해당하는 항목을 모두 선택해 주세요./사기 예방, 보안, 규정 준수"
PSL_DATA_USAGE_RESPONSES:PSL_APPROX_LOCATION:DATA_USAGE_COLLECTION_PURPOSE,PSL_ADVERTISING,true,MULTIPLE_CHOICE,데이터 취급 및 처리(대략적인 위치)/이 사용자 데이터가 수집되는 이유는 무엇인가요? 해당하는 항목을 모두 선택해 주세요./광고 또는 마케팅
PSL_DATA_USAGE_RESPONSES:PSL_APPROX_LOCATION:DATA_USAGE_COLLECTION_PURPOSE,PSL_PERSONALIZATION,,MULTIPLE_CHOICE,데이터 취급 및 처리(대략적인 위치)/이 사용자 데이터가 수집되는 이유는 무엇인가요? 해당하는 항목을 모두 선택해 주세요./맞춤설정
PSL_DATA_USAGE_RESPONSES:PSL_APPROX_LOCATION:DATA_USAGE_COLLECTION_PURPOSE,PSL_ACCOUNT_MANAGEMENT,,MULTIPLE_CHOICE,데이터 취급 및 처리(대략적인 위치)/이 사용자 데이터가 수집되는 이유는 무엇인가요? 해당하는 항목을 모두 선택해 주세요./계정 관리
PSL_DATA_USAGE_RESPONSES:PSL_APPROX_LOCATION:DATA_USAGE_SHARING_PURPOSE,PSL_APP_FUNCTIONALITY,,MULTIPLE_CHOICE,데이터 취급 및 처리(대략적인 위치)/이 사용자 데이터가 공유되는 이유는 무엇인가요? 해당하는 항목을 모두 선택해 주세요./앱 기능
PSL_DATA_USAGE_RESPONSES:PSL_APPROX_LOCATION:DATA_USAGE_SHARING_PURPOSE,PSL_ANALYTICS,,MULTIPLE_CHOICE,데이터 취급 및 처리(대략적인 위치)/이 사용자 데이터가 공유되는 이유는 무엇인가요? 해당하는 항목을 모두 선택해 주세요./애널리틱스
PSL_DATA_USAGE_RESPONSES:PSL_APPROX_LOCATION:DATA_USAGE_SHARING_PURPOSE,PSL_DEVELOPER_COMMUNICATIONS,,MULTIPLE_CHOICE,데이터 취급 및 처리(대략적인 위치)/이 사용자 데이터가 공유되는 이유는 무엇인가요? 해당하는 항목을 모두 선택해 주세요./개발자 커뮤니케이션
PSL_DATA_USAGE_RESPONSES:PSL_APPROX_LOCATION:DATA_USAGE_SHARING_PURPOSE,PSL_FRAUD_PREVENTION_SECURITY,true,MULTIPLE_CHOICE,"데이터 취급 및 처리(대략적인 위치)/이 사용자 데이터가 공유되는 이유는 무엇인가요? 해당하는 항목을 모두 선택해 주세요./사기 예방, 보안, 규정 준수"
PSL_DATA_USAGE_RESPONSES:PSL_APPROX_LOCATION:DATA_USAGE_SHARING_PURPOSE,PSL_ADVERTISING,true,MULTIPLE_CHOICE,데이터 취급 및 처리(대략적인 위치)/이 사용자 데이터가 공유되는 이유는 무엇인가요? 해당하는 항목을 모두 선택해 주세요./광고 또는 마케팅
PSL_DATA_USAGE_RESPONSES:PSL_APPROX_LOCATION:DATA_USAGE_SHARING_PURPOSE,PSL_PERSONALIZATION,,MULTIPLE_CHOICE,데이터 취급 및 처리(대략적인 위치)/이 사용자 데이터가 공유되는 이유는 무엇인가요? 해당하는 항목을 모두 선택해 주세요./맞춤설정
PSL_DATA_USAGE_RESPONSES:PSL_APPROX_LOCATION:DATA_USAGE_SHARING_PURPOSE,PSL_ACCOUNT_MANAGEMENT,,MULTIPLE_CHOICE,데이터 취급 및 처리(대략적인 위치)/이 사용자 데이터가 공유되는 이유는 무엇인가요? 해당하는 항목을 모두 선택해 주세요./계정 관리
PSL_DATA_USAGE_RESPONSES:PSL_PRECISE_LOCATION:PSL_DATA_USAGE_COLLECTION_AND_SHARING,PSL_DATA_USAGE_ONLY_COLLECTED,,MULTIPLE_CHOICE,데이터 취급 및 처리(정확한 위치)/데이터를 수집 또는 공유하나요? 아니면 수집과 공유를 모두 하나요?/수집됨
PSL_DATA_USAGE_RESPONSES:PSL_PRECISE_LOCATION:PSL_DATA_USAGE_COLLECTION_AND_SHARING,PSL_DATA_USAGE_ONLY_SHARED,,MULTIPLE_CHOICE,데이터 취급 및 처리(정확한 위치)/데이터를 수집 또는 공유하나요? 아니면 수집과 공유를 모두 하나요?/공유됨
PSL_DATA_USAGE_RESPONSES:PSL_PRECISE_LOCATION:PSL_DATA_USAGE_EPHEMERAL,,,MAYBE_REQUIRED,데이터 취급 및 처리(정확한 위치)/이 데이터는 임시로 처리되나요?
PSL_DATA_USAGE_RESPONSES:PSL_PRECISE_LOCATION:DATA_USAGE_USER_CONTROL,PSL_DATA_USAGE_USER_CONTROL_OPTIONAL,,SINGLE_CHOICE,데이터 취급 및 처리(정확한 위치)/이 데이터는 앱에 필수인가요? 아니면 사용자가 수집 여부를 선택할 수 있나요?/사용자가 데이터의 수집 여부를 선택할 수 있습니다
PSL_DATA_USAGE_RESPONSES:PSL_PRECISE_LOCATION:DATA_USAGE_USER_CONTROL,PSL_DATA_USAGE_USER_CONTROL_REQUIRED,,SINGLE_CHOICE,데이터 취급 및 처리(정확한 위치)/이 데이터는 앱에 필수인가요? 아니면 사용자가 수집 여부를 선택할 수 있나요?/데이터 수집은 필수입니다(사용자가 이 데이터 수집을 중지할 수 없음)
PSL_DATA_USAGE_RESPONSES:PSL_PRECISE_LOCATION:DATA_USAGE_COLLECTION_PURPOSE,PSL_APP_FUNCTIONALITY,,MULTIPLE_CHOICE,데이터 취급 및 처리(정확한 위치)/이 사용자 데이터가 수집되는 이유는 무엇인가요? 해당하는 항목을 모두 선택해 주세요./앱 기능
PSL_DATA_USAGE_RESPONSES:PSL_PRECISE_LOCATION:DATA_USAGE_COLLECTION_PURPOSE,PSL_ANALYTICS,,MULTIPLE_CHOICE,데이터 취급 및 처리(정확한 위치)/이 사용자 데이터가 수집되는 이유는 무엇인가요? 해당하는 항목을 모두 선택해 주세요./애널리틱스
PSL_DATA_USAGE_RESPONSES:PSL_PRECISE_LOCATION:DATA_USAGE_COLLECTION_PURPOSE,PSL_DEVELOPER_COMMUNICATIONS,,MULTIPLE_CHOICE,데이터 취급 및 처리(정확한 위치)/이 사용자 데이터가 수집되는 이유는 무엇인가요? 해당하는 항목을 모두 선택해 주세요./개발자 커뮤니케이션
PSL_DATA_USAGE_RESPONSES:PSL_PRECISE_LOCATION:DATA_USAGE_COLLECTION_PURPOSE,PSL_FRAUD_PREVENTION_SECURITY,,MULTIPLE_CHOICE,"데이터 취급 및 처리(정확한 위치)/이 사용자 데이터가 수집되는 이유는 무엇인가요? 해당하는 항목을 모두 선택해 주세요./사기 예방, 보안, 규정 준수"
PSL_DATA_USAGE_RESPONSES:PSL_PRECISE_LOCATION:DATA_USAGE_COLLECTION_PURPOSE,PSL_ADVERTISING,,MULTIPLE_CHOICE,데이터 취급 및 처리(정확한 위치)/이 사용자 데이터가 수집되는 이유는 무엇인가요? 해당하는 항목을 모두 선택해 주세요./광고 또는 마케팅
PSL_DATA_USAGE_RESPONSES:PSL_PRECISE_LOCATION:DATA_USAGE_COLLECTION_PURPOSE,PSL_PERSONALIZATION,,MULTIPLE_CHOICE,데이터 취급 및 처리(정확한 위치)/이 사용자 데이터가 수집되는 이유는 무엇인가요? 해당하는 항목을 모두 선택해 주세요./맞춤설정
PSL_DATA_USAGE_RESPONSES:PSL_PRECISE_LOCATION:DATA_USAGE_COLLECTION_PURPOSE,PSL_ACCOUNT_MANAGEMENT,,MULTIPLE_CHOICE,데이터 취급 및 처리(정확한 위치)/이 사용자 데이터가 수집되는 이유는 무엇인가요? 해당하는 항목을 모두 선택해 주세요./계정 관리
PSL_DATA_USAGE_RESPONSES:PSL_PRECISE_LOCATION:DATA_USAGE_SHARING_PURPOSE,PSL_APP_FUNCTIONALITY,,MULTIPLE_CHOICE,데이터 취급 및 처리(정확한 위치)/이 사용자 데이터가 공유되는 이유는 무엇인가요? 해당하는 항목을 모두 선택해 주세요./앱 기능
PSL_DATA_USAGE_RESPONSES:PSL_PRECISE_LOCATION:DATA_USAGE_SHARING_PURPOSE,PSL_ANALYTICS,,MULTIPLE_CHOICE,데이터 취급 및 처리(정확한 위치)/이 사용자 데이터가 공유되는 이유는 무엇인가요? 해당하는 항목을 모두 선택해 주세요./애널리틱스
PSL_DATA_USAGE_RESPONSES:PSL_PRECISE_LOCATION:DATA_USAGE_SHARING_PURPOSE,PSL_DEVELOPER_COMMUNICATIONS,,MULTIPLE_CHOICE,데이터 취급 및 처리(정확한 위치)/이 사용자 데이터가 공유되는 이유는 무엇인가요? 해당하는 항목을 모두 선택해 주세요./개발자 커뮤니케이션
PSL_DATA_USAGE_RESPONSES:PSL_PRECISE_LOCATION:DATA_USAGE_SHARING_PURPOSE,PSL_FRAUD_PREVENTION_SECURITY,,MULTIPLE_CHOICE,"데이터 취급 및 처리(정확한 위치)/이 사용자 데이터가 공유되는 이유는 무엇인가요? 해당하는 항목을 모두 선택해 주세요./사기 예방, 보안, 규정 준수"
PSL_DATA_USAGE_RESPONSES:PSL_PRECISE_LOCATION:DATA_USAGE_SHARING_PURPOSE,PSL_ADVERTISING,,MULTIPLE_CHOICE,데이터 취급 및 처리(정확한 위치)/이 사용자 데이터가 공유되는 이유는 무엇인가요? 해당하는 항목을 모두 선택해 주세요./광고 또는 마케팅
PSL_DATA_USAGE_RESPONSES:PSL_PRECISE_LOCATION:DATA_USAGE_SHARING_PURPOSE,PSL_PERSONALIZATION,,MULTIPLE_CHOICE,데이터 취급 및 처리(정확한 위치)/이 사용자 데이터가 공유되는 이유는 무엇인가요? 해당하는 항목을 모두 선택해 주세요./맞춤설정
PSL_DATA_USAGE_RESPONSES:PSL_PRECISE_LOCATION:DATA_USAGE_SHARING_PURPOSE,PSL_ACCOUNT_MANAGEMENT,,MULTIPLE_CHOICE,데이터 취급 및 처리(정확한 위치)/이 사용자 데이터가 공유되는 이유는 무엇인가요? 해당하는 항목을 모두 선택해 주세요./계정 관리
PSL_DATA_USAGE_RESPONSES:PSL_WEB_BROWSING_HISTORY:PSL_DATA_USAGE_COLLECTION_AND_SHARING,PSL_DATA_USAGE_ONLY_COLLECTED,,MULTIPLE_CHOICE,데이터 취급 및 처리(웹 방문 기록)/데이터를 수집 또는 공유하나요? 아니면 수집과 공유를 모두 하나요?/수집됨
PSL_DATA_USAGE_RESPONSES:PSL_WEB_BROWSING_HISTORY:PSL_DATA_USAGE_COLLECTION_AND_SHARING,PSL_DATA_USAGE_ONLY_SHARED,,MULTIPLE_CHOICE,데이터 취급 및 처리(웹 방문 기록)/데이터를 수집 또는 공유하나요? 아니면 수집과 공유를 모두 하나요?/공유됨
PSL_DATA_USAGE_RESPONSES:PSL_WEB_BROWSING_HISTORY:PSL_DATA_USAGE_EPHEMERAL,,,MAYBE_REQUIRED,데이터 취급 및 처리(웹 방문 기록)/이 데이터는 임시로 처리되나요?
PSL_DATA_USAGE_RESPONSES:PSL_WEB_BROWSING_HISTORY:DATA_USAGE_USER_CONTROL,PSL_DATA_USAGE_USER_CONTROL_OPTIONAL,,SINGLE_CHOICE,데이터 취급 및 처리(웹 방문 기록)/이 데이터는 앱에 필수인가요? 아니면 사용자가 수집 여부를 선택할 수 있나요?/사용자가 데이터의 수집 여부를 선택할 수 있습니다
PSL_DATA_USAGE_RESPONSES:PSL_WEB_BROWSING_HISTORY:DATA_USAGE_USER_CONTROL,PSL_DATA_USAGE_USER_CONTROL_REQUIRED,,SINGLE_CHOICE,데이터 취급 및 처리(웹 방문 기록)/이 데이터는 앱에 필수인가요? 아니면 사용자가 수집 여부를 선택할 수 있나요?/데이터 수집은 필수입니다(사용자가 이 데이터 수집을 중지할 수 없음)
PSL_DATA_USAGE_RESPONSES:PSL_WEB_BROWSING_HISTORY:DATA_USAGE_COLLECTION_PURPOSE,PSL_APP_FUNCTIONALITY,,MULTIPLE_CHOICE,데이터 취급 및 처리(웹 방문 기록)/이 사용자 데이터가 수집되는 이유는 무엇인가요? 해당하는 항목을 모두 선택해 주세요./앱 기능
PSL_DATA_USAGE_RESPONSES:PSL_WEB_BROWSING_HISTORY:DATA_USAGE_COLLECTION_PURPOSE,PSL_ANALYTICS,,MULTIPLE_CHOICE,데이터 취급 및 처리(웹 방문 기록)/이 사용자 데이터가 수집되는 이유는 무엇인가요? 해당하는 항목을 모두 선택해 주세요./애널리틱스
PSL_DATA_USAGE_RESPONSES:PSL_WEB_BROWSING_HISTORY:DATA_USAGE_COLLECTION_PURPOSE,PSL_DEVELOPER_COMMUNICATIONS,,MULTIPLE_CHOICE,데이터 취급 및 처리(웹 방문 기록)/이 사용자 데이터가 수집되는 이유는 무엇인가요? 해당하는 항목을 모두 선택해 주세요./개발자 커뮤니케이션
PSL_DATA_USAGE_RESPONSES:PSL_WEB_BROWSING_HISTORY:DATA_USAGE_COLLECTION_PURPOSE,PSL_FRAUD_PREVENTION_SECURITY,,MULTIPLE_CHOICE,"데이터 취급 및 처리(웹 방문 기록)/이 사용자 데이터가 수집되는 이유는 무엇인가요? 해당하는 항목을 모두 선택해 주세요./사기 예방, 보안, 규정 준수"
PSL_DATA_USAGE_RESPONSES:PSL_WEB_BROWSING_HISTORY:DATA_USAGE_COLLECTION_PURPOSE,PSL_ADVERTISING,,MULTIPLE_CHOICE,데이터 취급 및 처리(웹 방문 기록)/이 사용자 데이터가 수집되는 이유는 무엇인가요? 해당하는 항목을 모두 선택해 주세요./광고 또는 마케팅
PSL_DATA_USAGE_RESPONSES:PSL_WEB_BROWSING_HISTORY:DATA_USAGE_COLLECTION_PURPOSE,PSL_PERSONALIZATION,,MULTIPLE_CHOICE,데이터 취급 및 처리(웹 방문 기록)/이 사용자 데이터가 수집되는 이유는 무엇인가요? 해당하는 항목을 모두 선택해 주세요./맞춤설정
PSL_DATA_USAGE_RESPONSES:PSL_WEB_BROWSING_HISTORY:DATA_USAGE_COLLECTION_PURPOSE,PSL_ACCOUNT_MANAGEMENT,,MULTIPLE_CHOICE,데이터 취급 및 처리(웹 방문 기록)/이 사용자 데이터가 수집되는 이유는 무엇인가요? 해당하는 항목을 모두 선택해 주세요./계정 관리
PSL_DATA_USAGE_RESPONSES:PSL_WEB_BROWSING_HISTORY:DATA_USAGE_SHARING_PURPOSE,PSL_APP_FUNCTIONALITY,,MULTIPLE_CHOICE,데이터 취급 및 처리(웹 방문 기록)/이 사용자 데이터가 공유되는 이유는 무엇인가요? 해당하는 항목을 모두 선택해 주세요./앱 기능
PSL_DATA_USAGE_RESPONSES:PSL_WEB_BROWSING_HISTORY:DATA_USAGE_SHARING_PURPOSE,PSL_ANALYTICS,,MULTIPLE_CHOICE,데이터 취급 및 처리(웹 방문 기록)/이 사용자 데이터가 공유되는 이유는 무엇인가요? 해당하는 항목을 모두 선택해 주세요./애널리틱스
PSL_DATA_USAGE_RESPONSES:PSL_WEB_BROWSING_HISTORY:DATA_USAGE_SHARING_PURPOSE,PSL_DEVELOPER_COMMUNICATIONS,,MULTIPLE_CHOICE,데이터 취급 및 처리(웹 방문 기록)/이 사용자 데이터가 공유되는 이유는 무엇인가요? 해당하는 항목을 모두 선택해 주세요./개발자 커뮤니케이션
PSL_DATA_USAGE_RESPONSES:PSL_WEB_BROWSING_HISTORY:DATA_USAGE_SHARING_PURPOSE,PSL_FRAUD_PREVENTION_SECURITY,,MULTIPLE_CHOICE,"데이터 취급 및 처리(웹 방문 기록)/이 사용자 데이터가 공유되는 이유는 무엇인가요? 해당하는 항목을 모두 선택해 주세요./사기 예방, 보안, 규정 준수"
PSL_DATA_USAGE_RESPONSES:PSL_WEB_BROWSING_HISTORY:DATA_USAGE_SHARING_PURPOSE,PSL_ADVERTISING,,MULTIPLE_CHOICE,데이터 취급 및 처리(웹 방문 기록)/이 사용자 데이터가 공유되는 이유는 무엇인가요? 해당하는 항목을 모두 선택해 주세요./광고 또는 마케팅
PSL_DATA_USAGE_RESPONSES:PSL_WEB_BROWSING_HISTORY:DATA_USAGE_SHARING_PURPOSE,PSL_PERSONALIZATION,,MULTIPLE_CHOICE,데이터 취급 및 처리(웹 방문 기록)/이 사용자 데이터가 공유되는 이유는 무엇인가요? 해당하는 항목을 모두 선택해 주세요./맞춤설정
PSL_DATA_USAGE_RESPONSES:PSL_WEB_BROWSING_HISTORY:DATA_USAGE_SHARING_PURPOSE,PSL_ACCOUNT_MANAGEMENT,,MULTIPLE_CHOICE,데이터 취급 및 처리(웹 방문 기록)/이 사용자 데이터가 공유되는 이유는 무엇인가요? 해당하는 항목을 모두 선택해 주세요./계정 관리
PSL_DATA_USAGE_RESPONSES:PSL_EMAILS:PSL_DATA_USAGE_COLLECTION_AND_SHARING,PSL_DATA_USAGE_ONLY_COLLECTED,,MULTIPLE_CHOICE,데이터 취급 및 처리(이메일)/데이터를 수집 또는 공유하나요? 아니면 수집과 공유를 모두 하나요?/수집됨
PSL_DATA_USAGE_RESPONSES:PSL_EMAILS:PSL_DATA_USAGE_COLLECTION_AND_SHARING,PSL_DATA_USAGE_ONLY_SHARED,,MULTIPLE_CHOICE,데이터 취급 및 처리(이메일)/데이터를 수집 또는 공유하나요? 아니면 수집과 공유를 모두 하나요?/공유됨
PSL_DATA_USAGE_RESPONSES:PSL_EMAILS:PSL_DATA_USAGE_EPHEMERAL,,,MAYBE_REQUIRED,데이터 취급 및 처리(이메일)/이 데이터는 임시로 처리되나요?
PSL_DATA_USAGE_RESPONSES:PSL_EMAILS:DATA_USAGE_USER_CONTROL,PSL_DATA_USAGE_USER_CONTROL_OPTIONAL,,SINGLE_CHOICE,데이터 취급 및 처리(이메일)/이 데이터는 앱에 필수인가요? 아니면 사용자가 수집 여부를 선택할 수 있나요?/사용자가 데이터의 수집 여부를 선택할 수 있습니다
PSL_DATA_USAGE_RESPONSES:PSL_EMAILS:DATA_USAGE_USER_CONTROL,PSL_DATA_USAGE_USER_CONTROL_REQUIRED,,SINGLE_CHOICE,데이터 취급 및 처리(이메일)/이 데이터는 앱에 필수인가요? 아니면 사용자가 수집 여부를 선택할 수 있나요?/데이터 수집은 필수입니다(사용자가 이 데이터 수집을 중지할 수 없음)
PSL_DATA_USAGE_RESPONSES:PSL_EMAILS:DATA_USAGE_COLLECTION_PURPOSE,PSL_APP_FUNCTIONALITY,,MULTIPLE_CHOICE,데이터 취급 및 처리(이메일)/이 사용자 데이터가 수집되는 이유는 무엇인가요? 해당하는 항목을 모두 선택해 주세요./앱 기능
PSL_DATA_USAGE_RESPONSES:PSL_EMAILS:DATA_USAGE_COLLECTION_PURPOSE,PSL_ANALYTICS,,MULTIPLE_CHOICE,데이터 취급 및 처리(이메일)/이 사용자 데이터가 수집되는 이유는 무엇인가요? 해당하는 항목을 모두 선택해 주세요./애널리틱스
PSL_DATA_USAGE_RESPONSES:PSL_EMAILS:DATA_USAGE_COLLECTION_PURPOSE,PSL_DEVELOPER_COMMUNICATIONS,,MULTIPLE_CHOICE,데이터 취급 및 처리(이메일)/이 사용자 데이터가 수집되는 이유는 무엇인가요? 해당하는 항목을 모두 선택해 주세요./개발자 커뮤니케이션
PSL_DATA_USAGE_RESPONSES:PSL_EMAILS:DATA_USAGE_COLLECTION_PURPOSE,PSL_FRAUD_PREVENTION_SECURITY,,MULTIPLE_CHOICE,"데이터 취급 및 처리(이메일)/이 사용자 데이터가 수집되는 이유는 무엇인가요? 해당하는 항목을 모두 선택해 주세요./사기 예방, 보안, 규정 준수"
PSL_DATA_USAGE_RESPONSES:PSL_EMAILS:DATA_USAGE_COLLECTION_PURPOSE,PSL_ADVERTISING,,MULTIPLE_CHOICE,데이터 취급 및 처리(이메일)/이 사용자 데이터가 수집되는 이유는 무엇인가요? 해당하는 항목을 모두 선택해 주세요./광고 또는 마케팅
PSL_DATA_USAGE_RESPONSES:PSL_EMAILS:DATA_USAGE_COLLECTION_PURPOSE,PSL_PERSONALIZATION,,MULTIPLE_CHOICE,데이터 취급 및 처리(이메일)/이 사용자 데이터가 수집되는 이유는 무엇인가요? 해당하는 항목을 모두 선택해 주세요./맞춤설정
PSL_DATA_USAGE_RESPONSES:PSL_EMAILS:DATA_USAGE_COLLECTION_PURPOSE,PSL_ACCOUNT_MANAGEMENT,,MULTIPLE_CHOICE,데이터 취급 및 처리(이메일)/이 사용자 데이터가 수집되는 이유는 무엇인가요? 해당하는 항목을 모두 선택해 주세요./계정 관리
PSL_DATA_USAGE_RESPONSES:PSL_EMAILS:DATA_USAGE_SHARING_PURPOSE,PSL_APP_FUNCTIONALITY,,MULTIPLE_CHOICE,데이터 취급 및 처리(이메일)/이 사용자 데이터가 공유되는 이유는 무엇인가요? 해당하는 항목을 모두 선택해 주세요./앱 기능
PSL_DATA_USAGE_RESPONSES:PSL_EMAILS:DATA_USAGE_SHARING_PURPOSE,PSL_ANALYTICS,,MULTIPLE_CHOICE,데이터 취급 및 처리(이메일)/이 사용자 데이터가 공유되는 이유는 무엇인가요? 해당하는 항목을 모두 선택해 주세요./애널리틱스
PSL_DATA_USAGE_RESPONSES:PSL_EMAILS:DATA_USAGE_SHARING_PURPOSE,PSL_DEVELOPER_COMMUNICATIONS,,MULTIPLE_CHOICE,데이터 취급 및 처리(이메일)/이 사용자 데이터가 공유되는 이유는 무엇인가요? 해당하는 항목을 모두 선택해 주세요./개발자 커뮤니케이션
PSL_DATA_USAGE_RESPONSES:PSL_EMAILS:DATA_USAGE_SHARING_PURPOSE,PSL_FRAUD_PREVENTION_SECURITY,,MULTIPLE_CHOICE,"데이터 취급 및 처리(이메일)/이 사용자 데이터가 공유되는 이유는 무엇인가요? 해당하는 항목을 모두 선택해 주세요./사기 예방, 보안, 규정 준수"
PSL_DATA_USAGE_RESPONSES:PSL_EMAILS:DATA_USAGE_SHARING_PURPOSE,PSL_ADVERTISING,,MULTIPLE_CHOICE,데이터 취급 및 처리(이메일)/이 사용자 데이터가 공유되는 이유는 무엇인가요? 해당하는 항목을 모두 선택해 주세요./광고 또는 마케팅
PSL_DATA_USAGE_RESPONSES:PSL_EMAILS:DATA_USAGE_SHARING_PURPOSE,PSL_PERSONALIZATION,,MULTIPLE_CHOICE,데이터 취급 및 처리(이메일)/이 사용자 데이터가 공유되는 이유는 무엇인가요? 해당하는 항목을 모두 선택해 주세요./맞춤설정
PSL_DATA_USAGE_RESPONSES:PSL_EMAILS:DATA_USAGE_SHARING_PURPOSE,PSL_ACCOUNT_MANAGEMENT,,MULTIPLE_CHOICE,데이터 취급 및 처리(이메일)/이 사용자 데이터가 공유되는 이유는 무엇인가요? 해당하는 항목을 모두 선택해 주세요./계정 관리
PSL_DATA_USAGE_RESPONSES:PSL_SMS_CALL_LOG:PSL_DATA_USAGE_COLLECTION_AND_SHARING,PSL_DATA_USAGE_ONLY_COLLECTED,,MULTIPLE_CHOICE,데이터 취급 및 처리(SMS 또는 MMS)/데이터를 수집 또는 공유하나요? 아니면 수집과 공유를 모두 하나요?/수집됨
PSL_DATA_USAGE_RESPONSES:PSL_SMS_CALL_LOG:PSL_DATA_USAGE_COLLECTION_AND_SHARING,PSL_DATA_USAGE_ONLY_SHARED,,MULTIPLE_CHOICE,데이터 취급 및 처리(SMS 또는 MMS)/데이터를 수집 또는 공유하나요? 아니면 수집과 공유를 모두 하나요?/공유됨
PSL_DATA_USAGE_RESPONSES:PSL_SMS_CALL_LOG:PSL_DATA_USAGE_EPHEMERAL,,,MAYBE_REQUIRED,데이터 취급 및 처리(SMS 또는 MMS)/이 데이터는 임시로 처리되나요?
PSL_DATA_USAGE_RESPONSES:PSL_SMS_CALL_LOG:DATA_USAGE_USER_CONTROL,PSL_DATA_USAGE_USER_CONTROL_OPTIONAL,,SINGLE_CHOICE,데이터 취급 및 처리(SMS 또는 MMS)/이 데이터는 앱에 필수인가요? 아니면 사용자가 수집 여부를 선택할 수 있나요?/사용자가 데이터의 수집 여부를 선택할 수 있습니다
PSL_DATA_USAGE_RESPONSES:PSL_SMS_CALL_LOG:DATA_USAGE_USER_CONTROL,PSL_DATA_USAGE_USER_CONTROL_REQUIRED,,SINGLE_CHOICE,데이터 취급 및 처리(SMS 또는 MMS)/이 데이터는 앱에 필수인가요? 아니면 사용자가 수집 여부를 선택할 수 있나요?/데이터 수집은 필수입니다(사용자가 이 데이터 수집을 중지할 수 없음)
PSL_DATA_USAGE_RESPONSES:PSL_SMS_CALL_LOG:DATA_USAGE_COLLECTION_PURPOSE,PSL_APP_FUNCTIONALITY,,MULTIPLE_CHOICE,데이터 취급 및 처리(SMS 또는 MMS)/이 사용자 데이터가 수집되는 이유는 무엇인가요? 해당하는 항목을 모두 선택해 주세요./앱 기능
PSL_DATA_USAGE_RESPONSES:PSL_SMS_CALL_LOG:DATA_USAGE_COLLECTION_PURPOSE,PSL_ANALYTICS,,MULTIPLE_CHOICE,데이터 취급 및 처리(SMS 또는 MMS)/이 사용자 데이터가 수집되는 이유는 무엇인가요? 해당하는 항목을 모두 선택해 주세요./애널리틱스
PSL_DATA_USAGE_RESPONSES:PSL_SMS_CALL_LOG:DATA_USAGE_COLLECTION_PURPOSE,PSL_DEVELOPER_COMMUNICATIONS,,MULTIPLE_CHOICE,데이터 취급 및 처리(SMS 또는 MMS)/이 사용자 데이터가 수집되는 이유는 무엇인가요? 해당하는 항목을 모두 선택해 주세요./개발자 커뮤니케이션
PSL_DATA_USAGE_RESPONSES:PSL_SMS_CALL_LOG:DATA_USAGE_COLLECTION_PURPOSE,PSL_FRAUD_PREVENTION_SECURITY,,MULTIPLE_CHOICE,"데이터 취급 및 처리(SMS 또는 MMS)/이 사용자 데이터가 수집되는 이유는 무엇인가요? 해당하는 항목을 모두 선택해 주세요./사기 예방, 보안, 규정 준수"
PSL_DATA_USAGE_RESPONSES:PSL_SMS_CALL_LOG:DATA_USAGE_COLLECTION_PURPOSE,PSL_ADVERTISING,,MULTIPLE_CHOICE,데이터 취급 및 처리(SMS 또는 MMS)/이 사용자 데이터가 수집되는 이유는 무엇인가요? 해당하는 항목을 모두 선택해 주세요./광고 또는 마케팅
PSL_DATA_USAGE_RESPONSES:PSL_SMS_CALL_LOG:DATA_USAGE_COLLECTION_PURPOSE,PSL_PERSONALIZATION,,MULTIPLE_CHOICE,데이터 취급 및 처리(SMS 또는 MMS)/이 사용자 데이터가 수집되는 이유는 무엇인가요? 해당하는 항목을 모두 선택해 주세요./맞춤설정
PSL_DATA_USAGE_RESPONSES:PSL_SMS_CALL_LOG:DATA_USAGE_COLLECTION_PURPOSE,PSL_ACCOUNT_MANAGEMENT,,MULTIPLE_CHOICE,데이터 취급 및 처리(SMS 또는 MMS)/이 사용자 데이터가 수집되는 이유는 무엇인가요? 해당하는 항목을 모두 선택해 주세요./계정 관리
PSL_DATA_USAGE_RESPONSES:PSL_SMS_CALL_LOG:DATA_USAGE_SHARING_PURPOSE,PSL_APP_FUNCTIONALITY,,MULTIPLE_CHOICE,데이터 취급 및 처리(SMS 또는 MMS)/이 사용자 데이터가 공유되는 이유는 무엇인가요? 해당하는 항목을 모두 선택해 주세요./앱 기능
PSL_DATA_USAGE_RESPONSES:PSL_SMS_CALL_LOG:DATA_USAGE_SHARING_PURPOSE,PSL_ANALYTICS,,MULTIPLE_CHOICE,데이터 취급 및 처리(SMS 또는 MMS)/이 사용자 데이터가 공유되는 이유는 무엇인가요? 해당하는 항목을 모두 선택해 주세요./애널리틱스
PSL_DATA_USAGE_RESPONSES:PSL_SMS_CALL_LOG:DATA_USAGE_SHARING_PURPOSE,PSL_DEVELOPER_COMMUNICATIONS,,MULTIPLE_CHOICE,데이터 취급 및 처리(SMS 또는 MMS)/이 사용자 데이터가 공유되는 이유는 무엇인가요? 해당하는 항목을 모두 선택해 주세요./개발자 커뮤니케이션
PSL_DATA_USAGE_RESPONSES:PSL_SMS_CALL_LOG:DATA_USAGE_SHARING_PURPOSE,PSL_FRAUD_PREVENTION_SECURITY,,MULTIPLE_CHOICE,"데이터 취급 및 처리(SMS 또는 MMS)/이 사용자 데이터가 공유되는 이유는 무엇인가요? 해당하는 항목을 모두 선택해 주세요./사기 예방, 보안, 규정 준수"
PSL_DATA_USAGE_RESPONSES:PSL_SMS_CALL_LOG:DATA_USAGE_SHARING_PURPOSE,PSL_ADVERTISING,,MULTIPLE_CHOICE,데이터 취급 및 처리(SMS 또는 MMS)/이 사용자 데이터가 공유되는 이유는 무엇인가요? 해당하는 항목을 모두 선택해 주세요./광고 또는 마케팅
PSL_DATA_USAGE_RESPONSES:PSL_SMS_CALL_LOG:DATA_USAGE_SHARING_PURPOSE,PSL_PERSONALIZATION,,MULTIPLE_CHOICE,데이터 취급 및 처리(SMS 또는 MMS)/이 사용자 데이터가 공유되는 이유는 무엇인가요? 해당하는 항목을 모두 선택해 주세요./맞춤설정
PSL_DATA_USAGE_RESPONSES:PSL_SMS_CALL_LOG:DATA_USAGE_SHARING_PURPOSE,PSL_ACCOUNT_MANAGEMENT,,MULTIPLE_CHOICE,데이터 취급 및 처리(SMS 또는 MMS)/이 사용자 데이터가 공유되는 이유는 무엇인가요? 해당하는 항목을 모두 선택해 주세요./계정 관리
PSL_DATA_USAGE_RESPONSES:PSL_OTHER_MESSAGES:PSL_DATA_USAGE_COLLECTION_AND_SHARING,PSL_DATA_USAGE_ONLY_COLLECTED,,MULTIPLE_CHOICE,데이터 취급 및 처리(기타 인앱 메시지)/데이터를 수집 또는 공유하나요? 아니면 수집과 공유를 모두 하나요?/수집됨
PSL_DATA_USAGE_RESPONSES:PSL_OTHER_MESSAGES:PSL_DATA_USAGE_COLLECTION_AND_SHARING,PSL_DATA_USAGE_ONLY_SHARED,,MULTIPLE_CHOICE,데이터 취급 및 처리(기타 인앱 메시지)/데이터를 수집 또는 공유하나요? 아니면 수집과 공유를 모두 하나요?/공유됨
PSL_DATA_USAGE_RESPONSES:PSL_OTHER_MESSAGES:PSL_DATA_USAGE_EPHEMERAL,,,MAYBE_REQUIRED,데이터 취급 및 처리(기타 인앱 메시지)/이 데이터는 임시로 처리되나요?
PSL_DATA_USAGE_RESPONSES:PSL_OTHER_MESSAGES:DATA_USAGE_USER_CONTROL,PSL_DATA_USAGE_USER_CONTROL_OPTIONAL,,SINGLE_CHOICE,데이터 취급 및 처리(기타 인앱 메시지)/이 데이터는 앱에 필수인가요? 아니면 사용자가 수집 여부를 선택할 수 있나요?/사용자가 데이터의 수집 여부를 선택할 수 있습니다
PSL_DATA_USAGE_RESPONSES:PSL_OTHER_MESSAGES:DATA_USAGE_USER_CONTROL,PSL_DATA_USAGE_USER_CONTROL_REQUIRED,,SINGLE_CHOICE,데이터 취급 및 처리(기타 인앱 메시지)/이 데이터는 앱에 필수인가요? 아니면 사용자가 수집 여부를 선택할 수 있나요?/데이터 수집은 필수입니다(사용자가 이 데이터 수집을 중지할 수 없음)
PSL_DATA_USAGE_RESPONSES:PSL_OTHER_MESSAGES:DATA_USAGE_COLLECTION_PURPOSE,PSL_APP_FUNCTIONALITY,,MULTIPLE_CHOICE,데이터 취급 및 처리(기타 인앱 메시지)/이 사용자 데이터가 수집되는 이유는 무엇인가요? 해당하는 항목을 모두 선택해 주세요./앱 기능
PSL_DATA_USAGE_RESPONSES:PSL_OTHER_MESSAGES:DATA_USAGE_COLLECTION_PURPOSE,PSL_ANALYTICS,,MULTIPLE_CHOICE,데이터 취급 및 처리(기타 인앱 메시지)/이 사용자 데이터가 수집되는 이유는 무엇인가요? 해당하는 항목을 모두 선택해 주세요./애널리틱스
PSL_DATA_USAGE_RESPONSES:PSL_OTHER_MESSAGES:DATA_USAGE_COLLECTION_PURPOSE,PSL_DEVELOPER_COMMUNICATIONS,,MULTIPLE_CHOICE,데이터 취급 및 처리(기타 인앱 메시지)/이 사용자 데이터가 수집되는 이유는 무엇인가요? 해당하는 항목을 모두 선택해 주세요./개발자 커뮤니케이션
PSL_DATA_USAGE_RESPONSES:PSL_OTHER_MESSAGES:DATA_USAGE_COLLECTION_PURPOSE,PSL_FRAUD_PREVENTION_SECURITY,,MULTIPLE_CHOICE,"데이터 취급 및 처리(기타 인앱 메시지)/이 사용자 데이터가 수집되는 이유는 무엇인가요? 해당하는 항목을 모두 선택해 주세요./사기 예방, 보안, 규정 준수"
PSL_DATA_USAGE_RESPONSES:PSL_OTHER_MESSAGES:DATA_USAGE_COLLECTION_PURPOSE,PSL_ADVERTISING,,MULTIPLE_CHOICE,데이터 취급 및 처리(기타 인앱 메시지)/이 사용자 데이터가 수집되는 이유는 무엇인가요? 해당하는 항목을 모두 선택해 주세요./광고 또는 마케팅
PSL_DATA_USAGE_RESPONSES:PSL_OTHER_MESSAGES:DATA_USAGE_COLLECTION_PURPOSE,PSL_PERSONALIZATION,,MULTIPLE_CHOICE,데이터 취급 및 처리(기타 인앱 메시지)/이 사용자 데이터가 수집되는 이유는 무엇인가요? 해당하는 항목을 모두 선택해 주세요./맞춤설정
PSL_DATA_USAGE_RESPONSES:PSL_OTHER_MESSAGES:DATA_USAGE_COLLECTION_PURPOSE,PSL_ACCOUNT_MANAGEMENT,,MULTIPLE_CHOICE,데이터 취급 및 처리(기타 인앱 메시지)/이 사용자 데이터가 수집되는 이유는 무엇인가요? 해당하는 항목을 모두 선택해 주세요./계정 관리
PSL_DATA_USAGE_RESPONSES:PSL_OTHER_MESSAGES:DATA_USAGE_SHARING_PURPOSE,PSL_APP_FUNCTIONALITY,,MULTIPLE_CHOICE,데이터 취급 및 처리(기타 인앱 메시지)/이 사용자 데이터가 공유되는 이유는 무엇인가요? 해당하는 항목을 모두 선택해 주세요./앱 기능
PSL_DATA_USAGE_RESPONSES:PSL_OTHER_MESSAGES:DATA_USAGE_SHARING_PURPOSE,PSL_ANALYTICS,,MULTIPLE_CHOICE,데이터 취급 및 처리(기타 인앱 메시지)/이 사용자 데이터가 공유되는 이유는 무엇인가요? 해당하는 항목을 모두 선택해 주세요./애널리틱스
PSL_DATA_USAGE_RESPONSES:PSL_OTHER_MESSAGES:DATA_USAGE_SHARING_PURPOSE,PSL_DEVELOPER_COMMUNICATIONS,,MULTIPLE_CHOICE,데이터 취급 및 처리(기타 인앱 메시지)/이 사용자 데이터가 공유되는 이유는 무엇인가요? 해당하는 항목을 모두 선택해 주세요./개발자 커뮤니케이션
PSL_DATA_USAGE_RESPONSES:PSL_OTHER_MESSAGES:DATA_USAGE_SHARING_PURPOSE,PSL_FRAUD_PREVENTION_SECURITY,,MULTIPLE_CHOICE,"데이터 취급 및 처리(기타 인앱 메시지)/이 사용자 데이터가 공유되는 이유는 무엇인가요? 해당하는 항목을 모두 선택해 주세요./사기 예방, 보안, 규정 준수"
PSL_DATA_USAGE_RESPONSES:PSL_OTHER_MESSAGES:DATA_USAGE_SHARING_PURPOSE,PSL_ADVERTISING,,MULTIPLE_CHOICE,데이터 취급 및 처리(기타 인앱 메시지)/이 사용자 데이터가 공유되는 이유는 무엇인가요? 해당하는 항목을 모두 선택해 주세요./광고 또는 마케팅
PSL_DATA_USAGE_RESPONSES:PSL_OTHER_MESSAGES:DATA_USAGE_SHARING_PURPOSE,PSL_PERSONALIZATION,,MULTIPLE_CHOICE,데이터 취급 및 처리(기타 인앱 메시지)/이 사용자 데이터가 공유되는 이유는 무엇인가요? 해당하는 항목을 모두 선택해 주세요./맞춤설정
PSL_DATA_USAGE_RESPONSES:PSL_OTHER_MESSAGES:DATA_USAGE_SHARING_PURPOSE,PSL_ACCOUNT_MANAGEMENT,,MULTIPLE_CHOICE,데이터 취급 및 처리(기타 인앱 메시지)/이 사용자 데이터가 공유되는 이유는 무엇인가요? 해당하는 항목을 모두 선택해 주세요./계정 관리
PSL_DATA_USAGE_RESPONSES:PSL_PHOTOS:PSL_DATA_USAGE_COLLECTION_AND_SHARING,PSL_DATA_USAGE_ONLY_COLLECTED,true,MULTIPLE_CHOICE,데이터 취급 및 처리(사진)/데이터를 수집 또는 공유하나요? 아니면 수집과 공유를 모두 하나요?/수집됨
PSL_DATA_USAGE_RESPONSES:PSL_PHOTOS:PSL_DATA_USAGE_COLLECTION_AND_SHARING,PSL_DATA_USAGE_ONLY_SHARED,,MULTIPLE_CHOICE,데이터 취급 및 처리(사진)/데이터를 수집 또는 공유하나요? 아니면 수집과 공유를 모두 하나요?/공유됨
PSL_DATA_USAGE_RESPONSES:PSL_PHOTOS:PSL_DATA_USAGE_EPHEMERAL,,false,MAYBE_REQUIRED,데이터 취급 및 처리(사진)/이 데이터는 임시로 처리되나요?
PSL_DATA_USAGE_RESPONSES:PSL_PHOTOS:DATA_USAGE_USER_CONTROL,PSL_DATA_USAGE_USER_CONTROL_OPTIONAL,true,SINGLE_CHOICE,데이터 취급 및 처리(사진)/이 데이터는 앱에 필수인가요? 아니면 사용자가 수집 여부를 선택할 수 있나요?/사용자가 데이터의 수집 여부를 선택할 수 있습니다
PSL_DATA_USAGE_RESPONSES:PSL_PHOTOS:DATA_USAGE_USER_CONTROL,PSL_DATA_USAGE_USER_CONTROL_REQUIRED,,SINGLE_CHOICE,데이터 취급 및 처리(사진)/이 데이터는 앱에 필수인가요? 아니면 사용자가 수집 여부를 선택할 수 있나요?/데이터 수집은 필수입니다(사용자가 이 데이터 수집을 중지할 수 없음)
PSL_DATA_USAGE_RESPONSES:PSL_PHOTOS:DATA_USAGE_COLLECTION_PURPOSE,PSL_APP_FUNCTIONALITY,true,MULTIPLE_CHOICE,데이터 취급 및 처리(사진)/이 사용자 데이터가 수집되는 이유는 무엇인가요? 해당하는 항목을 모두 선택해 주세요./앱 기능
PSL_DATA_USAGE_RESPONSES:PSL_PHOTOS:DATA_USAGE_COLLECTION_PURPOSE,PSL_ANALYTICS,,MULTIPLE_CHOICE,데이터 취급 및 처리(사진)/이 사용자 데이터가 수집되는 이유는 무엇인가요? 해당하는 항목을 모두 선택해 주세요./애널리틱스
PSL_DATA_USAGE_RESPONSES:PSL_PHOTOS:DATA_USAGE_COLLECTION_PURPOSE,PSL_DEVELOPER_COMMUNICATIONS,,MULTIPLE_CHOICE,데이터 취급 및 처리(사진)/이 사용자 데이터가 수집되는 이유는 무엇인가요? 해당하는 항목을 모두 선택해 주세요./개발자 커뮤니케이션
PSL_DATA_USAGE_RESPONSES:PSL_PHOTOS:DATA_USAGE_COLLECTION_PURPOSE,PSL_FRAUD_PREVENTION_SECURITY,,MULTIPLE_CHOICE,"데이터 취급 및 처리(사진)/이 사용자 데이터가 수집되는 이유는 무엇인가요? 해당하는 항목을 모두 선택해 주세요./사기 예방, 보안, 규정 준수"
PSL_DATA_USAGE_RESPONSES:PSL_PHOTOS:DATA_USAGE_COLLECTION_PURPOSE,PSL_ADVERTISING,,MULTIPLE_CHOICE,데이터 취급 및 처리(사진)/이 사용자 데이터가 수집되는 이유는 무엇인가요? 해당하는 항목을 모두 선택해 주세요./광고 또는 마케팅
PSL_DATA_USAGE_RESPONSES:PSL_PHOTOS:DATA_USAGE_COLLECTION_PURPOSE,PSL_PERSONALIZATION,,MULTIPLE_CHOICE,데이터 취급 및 처리(사진)/이 사용자 데이터가 수집되는 이유는 무엇인가요? 해당하는 항목을 모두 선택해 주세요./맞춤설정
PSL_DATA_USAGE_RESPONSES:PSL_PHOTOS:DATA_USAGE_COLLECTION_PURPOSE,PSL_ACCOUNT_MANAGEMENT,,MULTIPLE_CHOICE,데이터 취급 및 처리(사진)/이 사용자 데이터가 수집되는 이유는 무엇인가요? 해당하는 항목을 모두 선택해 주세요./계정 관리
PSL_DATA_USAGE_RESPONSES:PSL_PHOTOS:DATA_USAGE_SHARING_PURPOSE,PSL_APP_FUNCTIONALITY,,MULTIPLE_CHOICE,데이터 취급 및 처리(사진)/이 사용자 데이터가 공유되는 이유는 무엇인가요? 해당하는 항목을 모두 선택해 주세요./앱 기능
PSL_DATA_USAGE_RESPONSES:PSL_PHOTOS:DATA_USAGE_SHARING_PURPOSE,PSL_ANALYTICS,,MULTIPLE_CHOICE,데이터 취급 및 처리(사진)/이 사용자 데이터가 공유되는 이유는 무엇인가요? 해당하는 항목을 모두 선택해 주세요./애널리틱스
PSL_DATA_USAGE_RESPONSES:PSL_PHOTOS:DATA_USAGE_SHARING_PURPOSE,PSL_DEVELOPER_COMMUNICATIONS,,MULTIPLE_CHOICE,데이터 취급 및 처리(사진)/이 사용자 데이터가 공유되는 이유는 무엇인가요? 해당하는 항목을 모두 선택해 주세요./개발자 커뮤니케이션
PSL_DATA_USAGE_RESPONSES:PSL_PHOTOS:DATA_USAGE_SHARING_PURPOSE,PSL_FRAUD_PREVENTION_SECURITY,,MULTIPLE_CHOICE,"데이터 취급 및 처리(사진)/이 사용자 데이터가 공유되는 이유는 무엇인가요? 해당하는 항목을 모두 선택해 주세요./사기 예방, 보안, 규정 준수"
PSL_DATA_USAGE_RESPONSES:PSL_PHOTOS:DATA_USAGE_SHARING_PURPOSE,PSL_ADVERTISING,,MULTIPLE_CHOICE,데이터 취급 및 처리(사진)/이 사용자 데이터가 공유되는 이유는 무엇인가요? 해당하는 항목을 모두 선택해 주세요./광고 또는 마케팅
PSL_DATA_USAGE_RESPONSES:PSL_PHOTOS:DATA_USAGE_SHARING_PURPOSE,PSL_PERSONALIZATION,,MULTIPLE_CHOICE,데이터 취급 및 처리(사진)/이 사용자 데이터가 공유되는 이유는 무엇인가요? 해당하는 항목을 모두 선택해 주세요./맞춤설정
PSL_DATA_USAGE_RESPONSES:PSL_PHOTOS:DATA_USAGE_SHARING_PURPOSE,PSL_ACCOUNT_MANAGEMENT,,MULTIPLE_CHOICE,데이터 취급 및 처리(사진)/이 사용자 데이터가 공유되는 이유는 무엇인가요? 해당하는 항목을 모두 선택해 주세요./계정 관리
PSL_DATA_USAGE_RESPONSES:PSL_VIDEOS:PSL_DATA_USAGE_COLLECTION_AND_SHARING,PSL_DATA_USAGE_ONLY_COLLECTED,,MULTIPLE_CHOICE,데이터 취급 및 처리(동영상)/데이터를 수집 또는 공유하나요? 아니면 수집과 공유를 모두 하나요?/수집됨
PSL_DATA_USAGE_RESPONSES:PSL_VIDEOS:PSL_DATA_USAGE_COLLECTION_AND_SHARING,PSL_DATA_USAGE_ONLY_SHARED,,MULTIPLE_CHOICE,데이터 취급 및 처리(동영상)/데이터를 수집 또는 공유하나요? 아니면 수집과 공유를 모두 하나요?/공유됨
PSL_DATA_USAGE_RESPONSES:PSL_VIDEOS:PSL_DATA_USAGE_EPHEMERAL,,,MAYBE_REQUIRED,데이터 취급 및 처리(동영상)/이 데이터는 임시로 처리되나요?
PSL_DATA_USAGE_RESPONSES:PSL_VIDEOS:DATA_USAGE_USER_CONTROL,PSL_DATA_USAGE_USER_CONTROL_OPTIONAL,,SINGLE_CHOICE,데이터 취급 및 처리(동영상)/이 데이터는 앱에 필수인가요? 아니면 사용자가 수집 여부를 선택할 수 있나요?/사용자가 데이터의 수집 여부를 선택할 수 있습니다
PSL_DATA_USAGE_RESPONSES:PSL_VIDEOS:DATA_USAGE_USER_CONTROL,PSL_DATA_USAGE_USER_CONTROL_REQUIRED,,SINGLE_CHOICE,데이터 취급 및 처리(동영상)/이 데이터는 앱에 필수인가요? 아니면 사용자가 수집 여부를 선택할 수 있나요?/데이터 수집은 필수입니다(사용자가 이 데이터 수집을 중지할 수 없음)
PSL_DATA_USAGE_RESPONSES:PSL_VIDEOS:DATA_USAGE_COLLECTION_PURPOSE,PSL_APP_FUNCTIONALITY,,MULTIPLE_CHOICE,데이터 취급 및 처리(동영상)/이 사용자 데이터가 수집되는 이유는 무엇인가요? 해당하는 항목을 모두 선택해 주세요./앱 기능
PSL_DATA_USAGE_RESPONSES:PSL_VIDEOS:DATA_USAGE_COLLECTION_PURPOSE,PSL_ANALYTICS,,MULTIPLE_CHOICE,데이터 취급 및 처리(동영상)/이 사용자 데이터가 수집되는 이유는 무엇인가요? 해당하는 항목을 모두 선택해 주세요./애널리틱스
PSL_DATA_USAGE_RESPONSES:PSL_VIDEOS:DATA_USAGE_COLLECTION_PURPOSE,PSL_DEVELOPER_COMMUNICATIONS,,MULTIPLE_CHOICE,데이터 취급 및 처리(동영상)/이 사용자 데이터가 수집되는 이유는 무엇인가요? 해당하는 항목을 모두 선택해 주세요./개발자 커뮤니케이션
PSL_DATA_USAGE_RESPONSES:PSL_VIDEOS:DATA_USAGE_COLLECTION_PURPOSE,PSL_FRAUD_PREVENTION_SECURITY,,MULTIPLE_CHOICE,"데이터 취급 및 처리(동영상)/이 사용자 데이터가 수집되는 이유는 무엇인가요? 해당하는 항목을 모두 선택해 주세요./사기 예방, 보안, 규정 준수"
PSL_DATA_USAGE_RESPONSES:PSL_VIDEOS:DATA_USAGE_COLLECTION_PURPOSE,PSL_ADVERTISING,,MULTIPLE_CHOICE,데이터 취급 및 처리(동영상)/이 사용자 데이터가 수집되는 이유는 무엇인가요? 해당하는 항목을 모두 선택해 주세요./광고 또는 마케팅
PSL_DATA_USAGE_RESPONSES:PSL_VIDEOS:DATA_USAGE_COLLECTION_PURPOSE,PSL_PERSONALIZATION,,MULTIPLE_CHOICE,데이터 취급 및 처리(동영상)/이 사용자 데이터가 수집되는 이유는 무엇인가요? 해당하는 항목을 모두 선택해 주세요./맞춤설정
PSL_DATA_USAGE_RESPONSES:PSL_VIDEOS:DATA_USAGE_COLLECTION_PURPOSE,PSL_ACCOUNT_MANAGEMENT,,MULTIPLE_CHOICE,데이터 취급 및 처리(동영상)/이 사용자 데이터가 수집되는 이유는 무엇인가요? 해당하는 항목을 모두 선택해 주세요./계정 관리
PSL_DATA_USAGE_RESPONSES:PSL_VIDEOS:DATA_USAGE_SHARING_PURPOSE,PSL_APP_FUNCTIONALITY,,MULTIPLE_CHOICE,데이터 취급 및 처리(동영상)/이 사용자 데이터가 공유되는 이유는 무엇인가요? 해당하는 항목을 모두 선택해 주세요./앱 기능
PSL_DATA_USAGE_RESPONSES:PSL_VIDEOS:DATA_USAGE_SHARING_PURPOSE,PSL_ANALYTICS,,MULTIPLE_CHOICE,데이터 취급 및 처리(동영상)/이 사용자 데이터가 공유되는 이유는 무엇인가요? 해당하는 항목을 모두 선택해 주세요./애널리틱스
PSL_DATA_USAGE_RESPONSES:PSL_VIDEOS:DATA_USAGE_SHARING_PURPOSE,PSL_DEVELOPER_COMMUNICATIONS,,MULTIPLE_CHOICE,데이터 취급 및 처리(동영상)/이 사용자 데이터가 공유되는 이유는 무엇인가요? 해당하는 항목을 모두 선택해 주세요./개발자 커뮤니케이션
PSL_DATA_USAGE_RESPONSES:PSL_VIDEOS:DATA_USAGE_SHARING_PURPOSE,PSL_FRAUD_PREVENTION_SECURITY,,MULTIPLE_CHOICE,"데이터 취급 및 처리(동영상)/이 사용자 데이터가 공유되는 이유는 무엇인가요? 해당하는 항목을 모두 선택해 주세요./사기 예방, 보안, 규정 준수"
PSL_DATA_USAGE_RESPONSES:PSL_VIDEOS:DATA_USAGE_SHARING_PURPOSE,PSL_ADVERTISING,,MULTIPLE_CHOICE,데이터 취급 및 처리(동영상)/이 사용자 데이터가 공유되는 이유는 무엇인가요? 해당하는 항목을 모두 선택해 주세요./광고 또는 마케팅
PSL_DATA_USAGE_RESPONSES:PSL_VIDEOS:DATA_USAGE_SHARING_PURPOSE,PSL_PERSONALIZATION,,MULTIPLE_CHOICE,데이터 취급 및 처리(동영상)/이 사용자 데이터가 공유되는 이유는 무엇인가요? 해당하는 항목을 모두 선택해 주세요./맞춤설정
PSL_DATA_USAGE_RESPONSES:PSL_VIDEOS:DATA_USAGE_SHARING_PURPOSE,PSL_ACCOUNT_MANAGEMENT,,MULTIPLE_CHOICE,데이터 취급 및 처리(동영상)/이 사용자 데이터가 공유되는 이유는 무엇인가요? 해당하는 항목을 모두 선택해 주세요./계정 관리
PSL_DATA_USAGE_RESPONSES:PSL_AUDIO:PSL_DATA_USAGE_COLLECTION_AND_SHARING,PSL_DATA_USAGE_ONLY_COLLECTED,,MULTIPLE_CHOICE,데이터 취급 및 처리(음성 또는 사운드 녹음본)/데이터를 수집 또는 공유하나요? 아니면 수집과 공유를 모두 하나요?/수집됨
PSL_DATA_USAGE_RESPONSES:PSL_AUDIO:PSL_DATA_USAGE_COLLECTION_AND_SHARING,PSL_DATA_USAGE_ONLY_SHARED,,MULTIPLE_CHOICE,데이터 취급 및 처리(음성 또는 사운드 녹음본)/데이터를 수집 또는 공유하나요? 아니면 수집과 공유를 모두 하나요?/공유됨
PSL_DATA_USAGE_RESPONSES:PSL_AUDIO:PSL_DATA_USAGE_EPHEMERAL,,,MAYBE_REQUIRED,데이터 취급 및 처리(음성 또는 사운드 녹음본)/이 데이터는 임시로 처리되나요?
PSL_DATA_USAGE_RESPONSES:PSL_AUDIO:DATA_USAGE_USER_CONTROL,PSL_DATA_USAGE_USER_CONTROL_OPTIONAL,,SINGLE_CHOICE,데이터 취급 및 처리(음성 또는 사운드 녹음본)/이 데이터는 앱에 필수인가요? 아니면 사용자가 수집 여부를 선택할 수 있나요?/사용자가 데이터의 수집 여부를 선택할 수 있습니다
PSL_DATA_USAGE_RESPONSES:PSL_AUDIO:DATA_USAGE_USER_CONTROL,PSL_DATA_USAGE_USER_CONTROL_REQUIRED,,SINGLE_CHOICE,데이터 취급 및 처리(음성 또는 사운드 녹음본)/이 데이터는 앱에 필수인가요? 아니면 사용자가 수집 여부를 선택할 수 있나요?/데이터 수집은 필수입니다(사용자가 이 데이터 수집을 중지할 수 없음)
PSL_DATA_USAGE_RESPONSES:PSL_AUDIO:DATA_USAGE_COLLECTION_PURPOSE,PSL_APP_FUNCTIONALITY,,MULTIPLE_CHOICE,데이터 취급 및 처리(음성 또는 사운드 녹음본)/이 사용자 데이터가 수집되는 이유는 무엇인가요? 해당하는 항목을 모두 선택해 주세요./앱 기능
PSL_DATA_USAGE_RESPONSES:PSL_AUDIO:DATA_USAGE_COLLECTION_PURPOSE,PSL_ANALYTICS,,MULTIPLE_CHOICE,데이터 취급 및 처리(음성 또는 사운드 녹음본)/이 사용자 데이터가 수집되는 이유는 무엇인가요? 해당하는 항목을 모두 선택해 주세요./애널리틱스
PSL_DATA_USAGE_RESPONSES:PSL_AUDIO:DATA_USAGE_COLLECTION_PURPOSE,PSL_DEVELOPER_COMMUNICATIONS,,MULTIPLE_CHOICE,데이터 취급 및 처리(음성 또는 사운드 녹음본)/이 사용자 데이터가 수집되는 이유는 무엇인가요? 해당하는 항목을 모두 선택해 주세요./개발자 커뮤니케이션
PSL_DATA_USAGE_RESPONSES:PSL_AUDIO:DATA_USAGE_COLLECTION_PURPOSE,PSL_FRAUD_PREVENTION_SECURITY,,MULTIPLE_CHOICE,"데이터 취급 및 처리(음성 또는 사운드 녹음본)/이 사용자 데이터가 수집되는 이유는 무엇인가요? 해당하는 항목을 모두 선택해 주세요./사기 예방, 보안, 규정 준수"
PSL_DATA_USAGE_RESPONSES:PSL_AUDIO:DATA_USAGE_COLLECTION_PURPOSE,PSL_ADVERTISING,,MULTIPLE_CHOICE,데이터 취급 및 처리(음성 또는 사운드 녹음본)/이 사용자 데이터가 수집되는 이유는 무엇인가요? 해당하는 항목을 모두 선택해 주세요./광고 또는 마케팅
PSL_DATA_USAGE_RESPONSES:PSL_AUDIO:DATA_USAGE_COLLECTION_PURPOSE,PSL_PERSONALIZATION,,MULTIPLE_CHOICE,데이터 취급 및 처리(음성 또는 사운드 녹음본)/이 사용자 데이터가 수집되는 이유는 무엇인가요? 해당하는 항목을 모두 선택해 주세요./맞춤설정
PSL_DATA_USAGE_RESPONSES:PSL_AUDIO:DATA_USAGE_COLLECTION_PURPOSE,PSL_ACCOUNT_MANAGEMENT,,MULTIPLE_CHOICE,데이터 취급 및 처리(음성 또는 사운드 녹음본)/이 사용자 데이터가 수집되는 이유는 무엇인가요? 해당하는 항목을 모두 선택해 주세요./계정 관리
PSL_DATA_USAGE_RESPONSES:PSL_AUDIO:DATA_USAGE_SHARING_PURPOSE,PSL_APP_FUNCTIONALITY,,MULTIPLE_CHOICE,데이터 취급 및 처리(음성 또는 사운드 녹음본)/이 사용자 데이터가 공유되는 이유는 무엇인가요? 해당하는 항목을 모두 선택해 주세요./앱 기능
PSL_DATA_USAGE_RESPONSES:PSL_AUDIO:DATA_USAGE_SHARING_PURPOSE,PSL_ANALYTICS,,MULTIPLE_CHOICE,데이터 취급 및 처리(음성 또는 사운드 녹음본)/이 사용자 데이터가 공유되는 이유는 무엇인가요? 해당하는 항목을 모두 선택해 주세요./애널리틱스
PSL_DATA_USAGE_RESPONSES:PSL_AUDIO:DATA_USAGE_SHARING_PURPOSE,PSL_DEVELOPER_COMMUNICATIONS,,MULTIPLE_CHOICE,데이터 취급 및 처리(음성 또는 사운드 녹음본)/이 사용자 데이터가 공유되는 이유는 무엇인가요? 해당하는 항목을 모두 선택해 주세요./개발자 커뮤니케이션
PSL_DATA_USAGE_RESPONSES:PSL_AUDIO:DATA_USAGE_SHARING_PURPOSE,PSL_FRAUD_PREVENTION_SECURITY,,MULTIPLE_CHOICE,"데이터 취급 및 처리(음성 또는 사운드 녹음본)/이 사용자 데이터가 공유되는 이유는 무엇인가요? 해당하는 항목을 모두 선택해 주세요./사기 예방, 보안, 규정 준수"
PSL_DATA_USAGE_RESPONSES:PSL_AUDIO:DATA_USAGE_SHARING_PURPOSE,PSL_ADVERTISING,,MULTIPLE_CHOICE,데이터 취급 및 처리(음성 또는 사운드 녹음본)/이 사용자 데이터가 공유되는 이유는 무엇인가요? 해당하는 항목을 모두 선택해 주세요./광고 또는 마케팅
PSL_DATA_USAGE_RESPONSES:PSL_AUDIO:DATA_USAGE_SHARING_PURPOSE,PSL_PERSONALIZATION,,MULTIPLE_CHOICE,데이터 취급 및 처리(음성 또는 사운드 녹음본)/이 사용자 데이터가 공유되는 이유는 무엇인가요? 해당하는 항목을 모두 선택해 주세요./맞춤설정
PSL_DATA_USAGE_RESPONSES:PSL_AUDIO:DATA_USAGE_SHARING_PURPOSE,PSL_ACCOUNT_MANAGEMENT,,MULTIPLE_CHOICE,데이터 취급 및 처리(음성 또는 사운드 녹음본)/이 사용자 데이터가 공유되는 이유는 무엇인가요? 해당하는 항목을 모두 선택해 주세요./계정 관리
PSL_DATA_USAGE_RESPONSES:PSL_MUSIC:PSL_DATA_USAGE_COLLECTION_AND_SHARING,PSL_DATA_USAGE_ONLY_COLLECTED,,MULTIPLE_CHOICE,데이터 취급 및 처리(음악 파일)/데이터를 수집 또는 공유하나요? 아니면 수집과 공유를 모두 하나요?/수집됨
PSL_DATA_USAGE_RESPONSES:PSL_MUSIC:PSL_DATA_USAGE_COLLECTION_AND_SHARING,PSL_DATA_USAGE_ONLY_SHARED,,MULTIPLE_CHOICE,데이터 취급 및 처리(음악 파일)/데이터를 수집 또는 공유하나요? 아니면 수집과 공유를 모두 하나요?/공유됨
PSL_DATA_USAGE_RESPONSES:PSL_MUSIC:PSL_DATA_USAGE_EPHEMERAL,,,MAYBE_REQUIRED,데이터 취급 및 처리(음악 파일)/이 데이터는 임시로 처리되나요?
PSL_DATA_USAGE_RESPONSES:PSL_MUSIC:DATA_USAGE_USER_CONTROL,PSL_DATA_USAGE_USER_CONTROL_OPTIONAL,,SINGLE_CHOICE,데이터 취급 및 처리(음악 파일)/이 데이터는 앱에 필수인가요? 아니면 사용자가 수집 여부를 선택할 수 있나요?/사용자가 데이터의 수집 여부를 선택할 수 있습니다
PSL_DATA_USAGE_RESPONSES:PSL_MUSIC:DATA_USAGE_USER_CONTROL,PSL_DATA_USAGE_USER_CONTROL_REQUIRED,,SINGLE_CHOICE,데이터 취급 및 처리(음악 파일)/이 데이터는 앱에 필수인가요? 아니면 사용자가 수집 여부를 선택할 수 있나요?/데이터 수집은 필수입니다(사용자가 이 데이터 수집을 중지할 수 없음)
PSL_DATA_USAGE_RESPONSES:PSL_MUSIC:DATA_USAGE_COLLECTION_PURPOSE,PSL_APP_FUNCTIONALITY,,MULTIPLE_CHOICE,데이터 취급 및 처리(음악 파일)/이 사용자 데이터가 수집되는 이유는 무엇인가요? 해당하는 항목을 모두 선택해 주세요./앱 기능
PSL_DATA_USAGE_RESPONSES:PSL_MUSIC:DATA_USAGE_COLLECTION_PURPOSE,PSL_ANALYTICS,,MULTIPLE_CHOICE,데이터 취급 및 처리(음악 파일)/이 사용자 데이터가 수집되는 이유는 무엇인가요? 해당하는 항목을 모두 선택해 주세요./애널리틱스
PSL_DATA_USAGE_RESPONSES:PSL_MUSIC:DATA_USAGE_COLLECTION_PURPOSE,PSL_DEVELOPER_COMMUNICATIONS,,MULTIPLE_CHOICE,데이터 취급 및 처리(음악 파일)/이 사용자 데이터가 수집되는 이유는 무엇인가요? 해당하는 항목을 모두 선택해 주세요./개발자 커뮤니케이션
PSL_DATA_USAGE_RESPONSES:PSL_MUSIC:DATA_USAGE_COLLECTION_PURPOSE,PSL_FRAUD_PREVENTION_SECURITY,,MULTIPLE_CHOICE,"데이터 취급 및 처리(음악 파일)/이 사용자 데이터가 수집되는 이유는 무엇인가요? 해당하는 항목을 모두 선택해 주세요./사기 예방, 보안, 규정 준수"
PSL_DATA_USAGE_RESPONSES:PSL_MUSIC:DATA_USAGE_COLLECTION_PURPOSE,PSL_ADVERTISING,,MULTIPLE_CHOICE,데이터 취급 및 처리(음악 파일)/이 사용자 데이터가 수집되는 이유는 무엇인가요? 해당하는 항목을 모두 선택해 주세요./광고 또는 마케팅
PSL_DATA_USAGE_RESPONSES:PSL_MUSIC:DATA_USAGE_COLLECTION_PURPOSE,PSL_PERSONALIZATION,,MULTIPLE_CHOICE,데이터 취급 및 처리(음악 파일)/이 사용자 데이터가 수집되는 이유는 무엇인가요? 해당하는 항목을 모두 선택해 주세요./맞춤설정
PSL_DATA_USAGE_RESPONSES:PSL_MUSIC:DATA_USAGE_COLLECTION_PURPOSE,PSL_ACCOUNT_MANAGEMENT,,MULTIPLE_CHOICE,데이터 취급 및 처리(음악 파일)/이 사용자 데이터가 수집되는 이유는 무엇인가요? 해당하는 항목을 모두 선택해 주세요./계정 관리
PSL_DATA_USAGE_RESPONSES:PSL_MUSIC:DATA_USAGE_SHARING_PURPOSE,PSL_APP_FUNCTIONALITY,,MULTIPLE_CHOICE,데이터 취급 및 처리(음악 파일)/이 사용자 데이터가 공유되는 이유는 무엇인가요? 해당하는 항목을 모두 선택해 주세요./앱 기능
PSL_DATA_USAGE_RESPONSES:PSL_MUSIC:DATA_USAGE_SHARING_PURPOSE,PSL_ANALYTICS,,MULTIPLE_CHOICE,데이터 취급 및 처리(음악 파일)/이 사용자 데이터가 공유되는 이유는 무엇인가요? 해당하는 항목을 모두 선택해 주세요./애널리틱스
PSL_DATA_USAGE_RESPONSES:PSL_MUSIC:DATA_USAGE_SHARING_PURPOSE,PSL_DEVELOPER_COMMUNICATIONS,,MULTIPLE_CHOICE,데이터 취급 및 처리(음악 파일)/이 사용자 데이터가 공유되는 이유는 무엇인가요? 해당하는 항목을 모두 선택해 주세요./개발자 커뮤니케이션
PSL_DATA_USAGE_RESPONSES:PSL_MUSIC:DATA_USAGE_SHARING_PURPOSE,PSL_FRAUD_PREVENTION_SECURITY,,MULTIPLE_CHOICE,"데이터 취급 및 처리(음악 파일)/이 사용자 데이터가 공유되는 이유는 무엇인가요? 해당하는 항목을 모두 선택해 주세요./사기 예방, 보안, 규정 준수"
PSL_DATA_USAGE_RESPONSES:PSL_MUSIC:DATA_USAGE_SHARING_PURPOSE,PSL_ADVERTISING,,MULTIPLE_CHOICE,데이터 취급 및 처리(음악 파일)/이 사용자 데이터가 공유되는 이유는 무엇인가요? 해당하는 항목을 모두 선택해 주세요./광고 또는 마케팅
PSL_DATA_USAGE_RESPONSES:PSL_MUSIC:DATA_USAGE_SHARING_PURPOSE,PSL_PERSONALIZATION,,MULTIPLE_CHOICE,데이터 취급 및 처리(음악 파일)/이 사용자 데이터가 공유되는 이유는 무엇인가요? 해당하는 항목을 모두 선택해 주세요./맞춤설정
PSL_DATA_USAGE_RESPONSES:PSL_MUSIC:DATA_USAGE_SHARING_PURPOSE,PSL_ACCOUNT_MANAGEMENT,,MULTIPLE_CHOICE,데이터 취급 및 처리(음악 파일)/이 사용자 데이터가 공유되는 이유는 무엇인가요? 해당하는 항목을 모두 선택해 주세요./계정 관리
PSL_DATA_USAGE_RESPONSES:PSL_OTHER_AUDIO:PSL_DATA_USAGE_COLLECTION_AND_SHARING,PSL_DATA_USAGE_ONLY_COLLECTED,,MULTIPLE_CHOICE,데이터 취급 및 처리(기타 오디오 파일)/데이터를 수집 또는 공유하나요? 아니면 수집과 공유를 모두 하나요?/수집됨
PSL_DATA_USAGE_RESPONSES:PSL_OTHER_AUDIO:PSL_DATA_USAGE_COLLECTION_AND_SHARING,PSL_DATA_USAGE_ONLY_SHARED,,MULTIPLE_CHOICE,데이터 취급 및 처리(기타 오디오 파일)/데이터를 수집 또는 공유하나요? 아니면 수집과 공유를 모두 하나요?/공유됨
PSL_DATA_USAGE_RESPONSES:PSL_OTHER_AUDIO:PSL_DATA_USAGE_EPHEMERAL,,,MAYBE_REQUIRED,데이터 취급 및 처리(기타 오디오 파일)/이 데이터는 임시로 처리되나요?
PSL_DATA_USAGE_RESPONSES:PSL_OTHER_AUDIO:DATA_USAGE_USER_CONTROL,PSL_DATA_USAGE_USER_CONTROL_OPTIONAL,,SINGLE_CHOICE,데이터 취급 및 처리(기타 오디오 파일)/이 데이터는 앱에 필수인가요? 아니면 사용자가 수집 여부를 선택할 수 있나요?/사용자가 데이터의 수집 여부를 선택할 수 있습니다
PSL_DATA_USAGE_RESPONSES:PSL_OTHER_AUDIO:DATA_USAGE_USER_CONTROL,PSL_DATA_USAGE_USER_CONTROL_REQUIRED,,SINGLE_CHOICE,데이터 취급 및 처리(기타 오디오 파일)/이 데이터는 앱에 필수인가요? 아니면 사용자가 수집 여부를 선택할 수 있나요?/데이터 수집은 필수입니다(사용자가 이 데이터 수집을 중지할 수 없음)
PSL_DATA_USAGE_RESPONSES:PSL_OTHER_AUDIO:DATA_USAGE_COLLECTION_PURPOSE,PSL_APP_FUNCTIONALITY,,MULTIPLE_CHOICE,데이터 취급 및 처리(기타 오디오 파일)/이 사용자 데이터가 수집되는 이유는 무엇인가요? 해당하는 항목을 모두 선택해 주세요./앱 기능
PSL_DATA_USAGE_RESPONSES:PSL_OTHER_AUDIO:DATA_USAGE_COLLECTION_PURPOSE,PSL_ANALYTICS,,MULTIPLE_CHOICE,데이터 취급 및 처리(기타 오디오 파일)/이 사용자 데이터가 수집되는 이유는 무엇인가요? 해당하는 항목을 모두 선택해 주세요./애널리틱스
PSL_DATA_USAGE_RESPONSES:PSL_OTHER_AUDIO:DATA_USAGE_COLLECTION_PURPOSE,PSL_DEVELOPER_COMMUNICATIONS,,MULTIPLE_CHOICE,데이터 취급 및 처리(기타 오디오 파일)/이 사용자 데이터가 수집되는 이유는 무엇인가요? 해당하는 항목을 모두 선택해 주세요./개발자 커뮤니케이션
PSL_DATA_USAGE_RESPONSES:PSL_OTHER_AUDIO:DATA_USAGE_COLLECTION_PURPOSE,PSL_FRAUD_PREVENTION_SECURITY,,MULTIPLE_CHOICE,"데이터 취급 및 처리(기타 오디오 파일)/이 사용자 데이터가 수집되는 이유는 무엇인가요? 해당하는 항목을 모두 선택해 주세요./사기 예방, 보안, 규정 준수"
PSL_DATA_USAGE_RESPONSES:PSL_OTHER_AUDIO:DATA_USAGE_COLLECTION_PURPOSE,PSL_ADVERTISING,,MULTIPLE_CHOICE,데이터 취급 및 처리(기타 오디오 파일)/이 사용자 데이터가 수집되는 이유는 무엇인가요? 해당하는 항목을 모두 선택해 주세요./광고 또는 마케팅
PSL_DATA_USAGE_RESPONSES:PSL_OTHER_AUDIO:DATA_USAGE_COLLECTION_PURPOSE,PSL_PERSONALIZATION,,MULTIPLE_CHOICE,데이터 취급 및 처리(기타 오디오 파일)/이 사용자 데이터가 수집되는 이유는 무엇인가요? 해당하는 항목을 모두 선택해 주세요./맞춤설정
PSL_DATA_USAGE_RESPONSES:PSL_OTHER_AUDIO:DATA_USAGE_COLLECTION_PURPOSE,PSL_ACCOUNT_MANAGEMENT,,MULTIPLE_CHOICE,데이터 취급 및 처리(기타 오디오 파일)/이 사용자 데이터가 수집되는 이유는 무엇인가요? 해당하는 항목을 모두 선택해 주세요./계정 관리
PSL_DATA_USAGE_RESPONSES:PSL_OTHER_AUDIO:DATA_USAGE_SHARING_PURPOSE,PSL_APP_FUNCTIONALITY,,MULTIPLE_CHOICE,데이터 취급 및 처리(기타 오디오 파일)/이 사용자 데이터가 공유되는 이유는 무엇인가요? 해당하는 항목을 모두 선택해 주세요./앱 기능
PSL_DATA_USAGE_RESPONSES:PSL_OTHER_AUDIO:DATA_USAGE_SHARING_PURPOSE,PSL_ANALYTICS,,MULTIPLE_CHOICE,데이터 취급 및 처리(기타 오디오 파일)/이 사용자 데이터가 공유되는 이유는 무엇인가요? 해당하는 항목을 모두 선택해 주세요./애널리틱스
PSL_DATA_USAGE_RESPONSES:PSL_OTHER_AUDIO:DATA_USAGE_SHARING_PURPOSE,PSL_DEVELOPER_COMMUNICATIONS,,MULTIPLE_CHOICE,데이터 취급 및 처리(기타 오디오 파일)/이 사용자 데이터가 공유되는 이유는 무엇인가요? 해당하는 항목을 모두 선택해 주세요./개발자 커뮤니케이션
PSL_DATA_USAGE_RESPONSES:PSL_OTHER_AUDIO:DATA_USAGE_SHARING_PURPOSE,PSL_FRAUD_PREVENTION_SECURITY,,MULTIPLE_CHOICE,"데이터 취급 및 처리(기타 오디오 파일)/이 사용자 데이터가 공유되는 이유는 무엇인가요? 해당하는 항목을 모두 선택해 주세요./사기 예방, 보안, 규정 준수"
PSL_DATA_USAGE_RESPONSES:PSL_OTHER_AUDIO:DATA_USAGE_SHARING_PURPOSE,PSL_ADVERTISING,,MULTIPLE_CHOICE,데이터 취급 및 처리(기타 오디오 파일)/이 사용자 데이터가 공유되는 이유는 무엇인가요? 해당하는 항목을 모두 선택해 주세요./광고 또는 마케팅
PSL_DATA_USAGE_RESPONSES:PSL_OTHER_AUDIO:DATA_USAGE_SHARING_PURPOSE,PSL_PERSONALIZATION,,MULTIPLE_CHOICE,데이터 취급 및 처리(기타 오디오 파일)/이 사용자 데이터가 공유되는 이유는 무엇인가요? 해당하는 항목을 모두 선택해 주세요./맞춤설정
PSL_DATA_USAGE_RESPONSES:PSL_OTHER_AUDIO:DATA_USAGE_SHARING_PURPOSE,PSL_ACCOUNT_MANAGEMENT,,MULTIPLE_CHOICE,데이터 취급 및 처리(기타 오디오 파일)/이 사용자 데이터가 공유되는 이유는 무엇인가요? 해당하는 항목을 모두 선택해 주세요./계정 관리
PSL_DATA_USAGE_RESPONSES:PSL_HEALTH:PSL_DATA_USAGE_COLLECTION_AND_SHARING,PSL_DATA_USAGE_ONLY_COLLECTED,,MULTIPLE_CHOICE,데이터 취급 및 처리(건강 정보)/데이터를 수집 또는 공유하나요? 아니면 수집과 공유를 모두 하나요?/수집됨
PSL_DATA_USAGE_RESPONSES:PSL_HEALTH:PSL_DATA_USAGE_COLLECTION_AND_SHARING,PSL_DATA_USAGE_ONLY_SHARED,,MULTIPLE_CHOICE,데이터 취급 및 처리(건강 정보)/데이터를 수집 또는 공유하나요? 아니면 수집과 공유를 모두 하나요?/공유됨
PSL_DATA_USAGE_RESPONSES:PSL_HEALTH:PSL_DATA_USAGE_EPHEMERAL,,,MAYBE_REQUIRED,데이터 취급 및 처리(건강 정보)/이 데이터는 임시로 처리되나요?
PSL_DATA_USAGE_RESPONSES:PSL_HEALTH:DATA_USAGE_USER_CONTROL,PSL_DATA_USAGE_USER_CONTROL_OPTIONAL,,SINGLE_CHOICE,데이터 취급 및 처리(건강 정보)/이 데이터는 앱에 필수인가요? 아니면 사용자가 수집 여부를 선택할 수 있나요?/사용자가 데이터의 수집 여부를 선택할 수 있습니다
PSL_DATA_USAGE_RESPONSES:PSL_HEALTH:DATA_USAGE_USER_CONTROL,PSL_DATA_USAGE_USER_CONTROL_REQUIRED,,SINGLE_CHOICE,데이터 취급 및 처리(건강 정보)/이 데이터는 앱에 필수인가요? 아니면 사용자가 수집 여부를 선택할 수 있나요?/데이터 수집은 필수입니다(사용자가 이 데이터 수집을 중지할 수 없음)
PSL_DATA_USAGE_RESPONSES:PSL_HEALTH:DATA_USAGE_COLLECTION_PURPOSE,PSL_APP_FUNCTIONALITY,,MULTIPLE_CHOICE,데이터 취급 및 처리(건강 정보)/이 사용자 데이터가 수집되는 이유는 무엇인가요? 해당하는 항목을 모두 선택해 주세요./앱 기능
PSL_DATA_USAGE_RESPONSES:PSL_HEALTH:DATA_USAGE_COLLECTION_PURPOSE,PSL_ANALYTICS,,MULTIPLE_CHOICE,데이터 취급 및 처리(건강 정보)/이 사용자 데이터가 수집되는 이유는 무엇인가요? 해당하는 항목을 모두 선택해 주세요./애널리틱스
PSL_DATA_USAGE_RESPONSES:PSL_HEALTH:DATA_USAGE_COLLECTION_PURPOSE,PSL_DEVELOPER_COMMUNICATIONS,,MULTIPLE_CHOICE,데이터 취급 및 처리(건강 정보)/이 사용자 데이터가 수집되는 이유는 무엇인가요? 해당하는 항목을 모두 선택해 주세요./개발자 커뮤니케이션
PSL_DATA_USAGE_RESPONSES:PSL_HEALTH:DATA_USAGE_COLLECTION_PURPOSE,PSL_FRAUD_PREVENTION_SECURITY,,MULTIPLE_CHOICE,"데이터 취급 및 처리(건강 정보)/이 사용자 데이터가 수집되는 이유는 무엇인가요? 해당하는 항목을 모두 선택해 주세요./사기 예방, 보안, 규정 준수"
PSL_DATA_USAGE_RESPONSES:PSL_HEALTH:DATA_USAGE_COLLECTION_PURPOSE,PSL_ADVERTISING,,MULTIPLE_CHOICE,데이터 취급 및 처리(건강 정보)/이 사용자 데이터가 수집되는 이유는 무엇인가요? 해당하는 항목을 모두 선택해 주세요./광고 또는 마케팅
PSL_DATA_USAGE_RESPONSES:PSL_HEALTH:DATA_USAGE_COLLECTION_PURPOSE,PSL_PERSONALIZATION,,MULTIPLE_CHOICE,데이터 취급 및 처리(건강 정보)/이 사용자 데이터가 수집되는 이유는 무엇인가요? 해당하는 항목을 모두 선택해 주세요./맞춤설정
PSL_DATA_USAGE_RESPONSES:PSL_HEALTH:DATA_USAGE_COLLECTION_PURPOSE,PSL_ACCOUNT_MANAGEMENT,,MULTIPLE_CHOICE,데이터 취급 및 처리(건강 정보)/이 사용자 데이터가 수집되는 이유는 무엇인가요? 해당하는 항목을 모두 선택해 주세요./계정 관리
PSL_DATA_USAGE_RESPONSES:PSL_HEALTH:DATA_USAGE_SHARING_PURPOSE,PSL_APP_FUNCTIONALITY,,MULTIPLE_CHOICE,데이터 취급 및 처리(건강 정보)/이 사용자 데이터가 공유되는 이유는 무엇인가요? 해당하는 항목을 모두 선택해 주세요./앱 기능
PSL_DATA_USAGE_RESPONSES:PSL_HEALTH:DATA_USAGE_SHARING_PURPOSE,PSL_ANALYTICS,,MULTIPLE_CHOICE,데이터 취급 및 처리(건강 정보)/이 사용자 데이터가 공유되는 이유는 무엇인가요? 해당하는 항목을 모두 선택해 주세요./애널리틱스
PSL_DATA_USAGE_RESPONSES:PSL_HEALTH:DATA_USAGE_SHARING_PURPOSE,PSL_DEVELOPER_COMMUNICATIONS,,MULTIPLE_CHOICE,데이터 취급 및 처리(건강 정보)/이 사용자 데이터가 공유되는 이유는 무엇인가요? 해당하는 항목을 모두 선택해 주세요./개발자 커뮤니케이션
PSL_DATA_USAGE_RESPONSES:PSL_HEALTH:DATA_USAGE_SHARING_PURPOSE,PSL_FRAUD_PREVENTION_SECURITY,,MULTIPLE_CHOICE,"데이터 취급 및 처리(건강 정보)/이 사용자 데이터가 공유되는 이유는 무엇인가요? 해당하는 항목을 모두 선택해 주세요./사기 예방, 보안, 규정 준수"
PSL_DATA_USAGE_RESPONSES:PSL_HEALTH:DATA_USAGE_SHARING_PURPOSE,PSL_ADVERTISING,,MULTIPLE_CHOICE,데이터 취급 및 처리(건강 정보)/이 사용자 데이터가 공유되는 이유는 무엇인가요? 해당하는 항목을 모두 선택해 주세요./광고 또는 마케팅
PSL_DATA_USAGE_RESPONSES:PSL_HEALTH:DATA_USAGE_SHARING_PURPOSE,PSL_PERSONALIZATION,,MULTIPLE_CHOICE,데이터 취급 및 처리(건강 정보)/이 사용자 데이터가 공유되는 이유는 무엇인가요? 해당하는 항목을 모두 선택해 주세요./맞춤설정
PSL_DATA_USAGE_RESPONSES:PSL_HEALTH:DATA_USAGE_SHARING_PURPOSE,PSL_ACCOUNT_MANAGEMENT,,MULTIPLE_CHOICE,데이터 취급 및 처리(건강 정보)/이 사용자 데이터가 공유되는 이유는 무엇인가요? 해당하는 항목을 모두 선택해 주세요./계정 관리
PSL_DATA_USAGE_RESPONSES:PSL_FITNESS:PSL_DATA_USAGE_COLLECTION_AND_SHARING,PSL_DATA_USAGE_ONLY_COLLECTED,,MULTIPLE_CHOICE,데이터 취급 및 처리(피트니스 정보)/데이터를 수집 또는 공유하나요? 아니면 수집과 공유를 모두 하나요?/수집됨
PSL_DATA_USAGE_RESPONSES:PSL_FITNESS:PSL_DATA_USAGE_COLLECTION_AND_SHARING,PSL_DATA_USAGE_ONLY_SHARED,,MULTIPLE_CHOICE,데이터 취급 및 처리(피트니스 정보)/데이터를 수집 또는 공유하나요? 아니면 수집과 공유를 모두 하나요?/공유됨
PSL_DATA_USAGE_RESPONSES:PSL_FITNESS:PSL_DATA_USAGE_EPHEMERAL,,,MAYBE_REQUIRED,데이터 취급 및 처리(피트니스 정보)/이 데이터는 임시로 처리되나요?
PSL_DATA_USAGE_RESPONSES:PSL_FITNESS:DATA_USAGE_USER_CONTROL,PSL_DATA_USAGE_USER_CONTROL_OPTIONAL,,SINGLE_CHOICE,데이터 취급 및 처리(피트니스 정보)/이 데이터는 앱에 필수인가요? 아니면 사용자가 수집 여부를 선택할 수 있나요?/사용자가 데이터의 수집 여부를 선택할 수 있습니다
PSL_DATA_USAGE_RESPONSES:PSL_FITNESS:DATA_USAGE_USER_CONTROL,PSL_DATA_USAGE_USER_CONTROL_REQUIRED,,SINGLE_CHOICE,데이터 취급 및 처리(피트니스 정보)/이 데이터는 앱에 필수인가요? 아니면 사용자가 수집 여부를 선택할 수 있나요?/데이터 수집은 필수입니다(사용자가 이 데이터 수집을 중지할 수 없음)
PSL_DATA_USAGE_RESPONSES:PSL_FITNESS:DATA_USAGE_COLLECTION_PURPOSE,PSL_APP_FUNCTIONALITY,,MULTIPLE_CHOICE,데이터 취급 및 처리(피트니스 정보)/이 사용자 데이터가 수집되는 이유는 무엇인가요? 해당하는 항목을 모두 선택해 주세요./앱 기능
PSL_DATA_USAGE_RESPONSES:PSL_FITNESS:DATA_USAGE_COLLECTION_PURPOSE,PSL_ANALYTICS,,MULTIPLE_CHOICE,데이터 취급 및 처리(피트니스 정보)/이 사용자 데이터가 수집되는 이유는 무엇인가요? 해당하는 항목을 모두 선택해 주세요./애널리틱스
PSL_DATA_USAGE_RESPONSES:PSL_FITNESS:DATA_USAGE_COLLECTION_PURPOSE,PSL_DEVELOPER_COMMUNICATIONS,,MULTIPLE_CHOICE,데이터 취급 및 처리(피트니스 정보)/이 사용자 데이터가 수집되는 이유는 무엇인가요? 해당하는 항목을 모두 선택해 주세요./개발자 커뮤니케이션
PSL_DATA_USAGE_RESPONSES:PSL_FITNESS:DATA_USAGE_COLLECTION_PURPOSE,PSL_FRAUD_PREVENTION_SECURITY,,MULTIPLE_CHOICE,"데이터 취급 및 처리(피트니스 정보)/이 사용자 데이터가 수집되는 이유는 무엇인가요? 해당하는 항목을 모두 선택해 주세요./사기 예방, 보안, 규정 준수"
PSL_DATA_USAGE_RESPONSES:PSL_FITNESS:DATA_USAGE_COLLECTION_PURPOSE,PSL_ADVERTISING,,MULTIPLE_CHOICE,데이터 취급 및 처리(피트니스 정보)/이 사용자 데이터가 수집되는 이유는 무엇인가요? 해당하는 항목을 모두 선택해 주세요./광고 또는 마케팅
PSL_DATA_USAGE_RESPONSES:PSL_FITNESS:DATA_USAGE_COLLECTION_PURPOSE,PSL_PERSONALIZATION,,MULTIPLE_CHOICE,데이터 취급 및 처리(피트니스 정보)/이 사용자 데이터가 수집되는 이유는 무엇인가요? 해당하는 항목을 모두 선택해 주세요./맞춤설정
PSL_DATA_USAGE_RESPONSES:PSL_FITNESS:DATA_USAGE_COLLECTION_PURPOSE,PSL_ACCOUNT_MANAGEMENT,,MULTIPLE_CHOICE,데이터 취급 및 처리(피트니스 정보)/이 사용자 데이터가 수집되는 이유는 무엇인가요? 해당하는 항목을 모두 선택해 주세요./계정 관리
PSL_DATA_USAGE_RESPONSES:PSL_FITNESS:DATA_USAGE_SHARING_PURPOSE,PSL_APP_FUNCTIONALITY,,MULTIPLE_CHOICE,데이터 취급 및 처리(피트니스 정보)/이 사용자 데이터가 공유되는 이유는 무엇인가요? 해당하는 항목을 모두 선택해 주세요./앱 기능
PSL_DATA_USAGE_RESPONSES:PSL_FITNESS:DATA_USAGE_SHARING_PURPOSE,PSL_ANALYTICS,,MULTIPLE_CHOICE,데이터 취급 및 처리(피트니스 정보)/이 사용자 데이터가 공유되는 이유는 무엇인가요? 해당하는 항목을 모두 선택해 주세요./애널리틱스
PSL_DATA_USAGE_RESPONSES:PSL_FITNESS:DATA_USAGE_SHARING_PURPOSE,PSL_DEVELOPER_COMMUNICATIONS,,MULTIPLE_CHOICE,데이터 취급 및 처리(피트니스 정보)/이 사용자 데이터가 공유되는 이유는 무엇인가요? 해당하는 항목을 모두 선택해 주세요./개발자 커뮤니케이션
PSL_DATA_USAGE_RESPONSES:PSL_FITNESS:DATA_USAGE_SHARING_PURPOSE,PSL_FRAUD_PREVENTION_SECURITY,,MULTIPLE_CHOICE,"데이터 취급 및 처리(피트니스 정보)/이 사용자 데이터가 공유되는 이유는 무엇인가요? 해당하는 항목을 모두 선택해 주세요./사기 예방, 보안, 규정 준수"
PSL_DATA_USAGE_RESPONSES:PSL_FITNESS:DATA_USAGE_SHARING_PURPOSE,PSL_ADVERTISING,,MULTIPLE_CHOICE,데이터 취급 및 처리(피트니스 정보)/이 사용자 데이터가 공유되는 이유는 무엇인가요? 해당하는 항목을 모두 선택해 주세요./광고 또는 마케팅
PSL_DATA_USAGE_RESPONSES:PSL_FITNESS:DATA_USAGE_SHARING_PURPOSE,PSL_PERSONALIZATION,,MULTIPLE_CHOICE,데이터 취급 및 처리(피트니스 정보)/이 사용자 데이터가 공유되는 이유는 무엇인가요? 해당하는 항목을 모두 선택해 주세요./맞춤설정
PSL_DATA_USAGE_RESPONSES:PSL_FITNESS:DATA_USAGE_SHARING_PURPOSE,PSL_ACCOUNT_MANAGEMENT,,MULTIPLE_CHOICE,데이터 취급 및 처리(피트니스 정보)/이 사용자 데이터가 공유되는 이유는 무엇인가요? 해당하는 항목을 모두 선택해 주세요./계정 관리
PSL_DATA_USAGE_RESPONSES:PSL_CONTACTS:PSL_DATA_USAGE_COLLECTION_AND_SHARING,PSL_DATA_USAGE_ONLY_COLLECTED,,MULTIPLE_CHOICE,데이터 취급 및 처리(연락처)/데이터를 수집 또는 공유하나요? 아니면 수집과 공유를 모두 하나요?/수집됨
PSL_DATA_USAGE_RESPONSES:PSL_CONTACTS:PSL_DATA_USAGE_COLLECTION_AND_SHARING,PSL_DATA_USAGE_ONLY_SHARED,,MULTIPLE_CHOICE,데이터 취급 및 처리(연락처)/데이터를 수집 또는 공유하나요? 아니면 수집과 공유를 모두 하나요?/공유됨
PSL_DATA_USAGE_RESPONSES:PSL_CONTACTS:PSL_DATA_USAGE_EPHEMERAL,,,MAYBE_REQUIRED,데이터 취급 및 처리(연락처)/이 데이터는 임시로 처리되나요?
PSL_DATA_USAGE_RESPONSES:PSL_CONTACTS:DATA_USAGE_USER_CONTROL,PSL_DATA_USAGE_USER_CONTROL_OPTIONAL,,SINGLE_CHOICE,데이터 취급 및 처리(연락처)/이 데이터는 앱에 필수인가요? 아니면 사용자가 수집 여부를 선택할 수 있나요?/사용자가 데이터의 수집 여부를 선택할 수 있습니다
PSL_DATA_USAGE_RESPONSES:PSL_CONTACTS:DATA_USAGE_USER_CONTROL,PSL_DATA_USAGE_USER_CONTROL_REQUIRED,,SINGLE_CHOICE,데이터 취급 및 처리(연락처)/이 데이터는 앱에 필수인가요? 아니면 사용자가 수집 여부를 선택할 수 있나요?/데이터 수집은 필수입니다(사용자가 이 데이터 수집을 중지할 수 없음)
PSL_DATA_USAGE_RESPONSES:PSL_CONTACTS:DATA_USAGE_COLLECTION_PURPOSE,PSL_APP_FUNCTIONALITY,,MULTIPLE_CHOICE,데이터 취급 및 처리(연락처)/이 사용자 데이터가 수집되는 이유는 무엇인가요? 해당하는 항목을 모두 선택해 주세요./앱 기능
PSL_DATA_USAGE_RESPONSES:PSL_CONTACTS:DATA_USAGE_COLLECTION_PURPOSE,PSL_ANALYTICS,,MULTIPLE_CHOICE,데이터 취급 및 처리(연락처)/이 사용자 데이터가 수집되는 이유는 무엇인가요? 해당하는 항목을 모두 선택해 주세요./애널리틱스
PSL_DATA_USAGE_RESPONSES:PSL_CONTACTS:DATA_USAGE_COLLECTION_PURPOSE,PSL_DEVELOPER_COMMUNICATIONS,,MULTIPLE_CHOICE,데이터 취급 및 처리(연락처)/이 사용자 데이터가 수집되는 이유는 무엇인가요? 해당하는 항목을 모두 선택해 주세요./개발자 커뮤니케이션
PSL_DATA_USAGE_RESPONSES:PSL_CONTACTS:DATA_USAGE_COLLECTION_PURPOSE,PSL_FRAUD_PREVENTION_SECURITY,,MULTIPLE_CHOICE,"데이터 취급 및 처리(연락처)/이 사용자 데이터가 수집되는 이유는 무엇인가요? 해당하는 항목을 모두 선택해 주세요./사기 예방, 보안, 규정 준수"
PSL_DATA_USAGE_RESPONSES:PSL_CONTACTS:DATA_USAGE_COLLECTION_PURPOSE,PSL_ADVERTISING,,MULTIPLE_CHOICE,데이터 취급 및 처리(연락처)/이 사용자 데이터가 수집되는 이유는 무엇인가요? 해당하는 항목을 모두 선택해 주세요./광고 또는 마케팅
PSL_DATA_USAGE_RESPONSES:PSL_CONTACTS:DATA_USAGE_COLLECTION_PURPOSE,PSL_PERSONALIZATION,,MULTIPLE_CHOICE,데이터 취급 및 처리(연락처)/이 사용자 데이터가 수집되는 이유는 무엇인가요? 해당하는 항목을 모두 선택해 주세요./맞춤설정
PSL_DATA_USAGE_RESPONSES:PSL_CONTACTS:DATA_USAGE_COLLECTION_PURPOSE,PSL_ACCOUNT_MANAGEMENT,,MULTIPLE_CHOICE,데이터 취급 및 처리(연락처)/이 사용자 데이터가 수집되는 이유는 무엇인가요? 해당하는 항목을 모두 선택해 주세요./계정 관리
PSL_DATA_USAGE_RESPONSES:PSL_CONTACTS:DATA_USAGE_SHARING_PURPOSE,PSL_APP_FUNCTIONALITY,,MULTIPLE_CHOICE,데이터 취급 및 처리(연락처)/이 사용자 데이터가 공유되는 이유는 무엇인가요? 해당하는 항목을 모두 선택해 주세요./앱 기능
PSL_DATA_USAGE_RESPONSES:PSL_CONTACTS:DATA_USAGE_SHARING_PURPOSE,PSL_ANALYTICS,,MULTIPLE_CHOICE,데이터 취급 및 처리(연락처)/이 사용자 데이터가 공유되는 이유는 무엇인가요? 해당하는 항목을 모두 선택해 주세요./애널리틱스
PSL_DATA_USAGE_RESPONSES:PSL_CONTACTS:DATA_USAGE_SHARING_PURPOSE,PSL_DEVELOPER_COMMUNICATIONS,,MULTIPLE_CHOICE,데이터 취급 및 처리(연락처)/이 사용자 데이터가 공유되는 이유는 무엇인가요? 해당하는 항목을 모두 선택해 주세요./개발자 커뮤니케이션
PSL_DATA_USAGE_RESPONSES:PSL_CONTACTS:DATA_USAGE_SHARING_PURPOSE,PSL_FRAUD_PREVENTION_SECURITY,,MULTIPLE_CHOICE,"데이터 취급 및 처리(연락처)/이 사용자 데이터가 공유되는 이유는 무엇인가요? 해당하는 항목을 모두 선택해 주세요./사기 예방, 보안, 규정 준수"
PSL_DATA_USAGE_RESPONSES:PSL_CONTACTS:DATA_USAGE_SHARING_PURPOSE,PSL_ADVERTISING,,MULTIPLE_CHOICE,데이터 취급 및 처리(연락처)/이 사용자 데이터가 공유되는 이유는 무엇인가요? 해당하는 항목을 모두 선택해 주세요./광고 또는 마케팅
PSL_DATA_USAGE_RESPONSES:PSL_CONTACTS:DATA_USAGE_SHARING_PURPOSE,PSL_PERSONALIZATION,,MULTIPLE_CHOICE,데이터 취급 및 처리(연락처)/이 사용자 데이터가 공유되는 이유는 무엇인가요? 해당하는 항목을 모두 선택해 주세요./맞춤설정
PSL_DATA_USAGE_RESPONSES:PSL_CONTACTS:DATA_USAGE_SHARING_PURPOSE,PSL_ACCOUNT_MANAGEMENT,,MULTIPLE_CHOICE,데이터 취급 및 처리(연락처)/이 사용자 데이터가 공유되는 이유는 무엇인가요? 해당하는 항목을 모두 선택해 주세요./계정 관리
PSL_DATA_USAGE_RESPONSES:PSL_CALENDAR:PSL_DATA_USAGE_COLLECTION_AND_SHARING,PSL_DATA_USAGE_ONLY_COLLECTED,,MULTIPLE_CHOICE,데이터 취급 및 처리(캘린더 일정)/데이터를 수집 또는 공유하나요? 아니면 수집과 공유를 모두 하나요?/수집됨
PSL_DATA_USAGE_RESPONSES:PSL_CALENDAR:PSL_DATA_USAGE_COLLECTION_AND_SHARING,PSL_DATA_USAGE_ONLY_SHARED,,MULTIPLE_CHOICE,데이터 취급 및 처리(캘린더 일정)/데이터를 수집 또는 공유하나요? 아니면 수집과 공유를 모두 하나요?/공유됨
PSL_DATA_USAGE_RESPONSES:PSL_CALENDAR:PSL_DATA_USAGE_EPHEMERAL,,,MAYBE_REQUIRED,데이터 취급 및 처리(캘린더 일정)/이 데이터는 임시로 처리되나요?
PSL_DATA_USAGE_RESPONSES:PSL_CALENDAR:DATA_USAGE_USER_CONTROL,PSL_DATA_USAGE_USER_CONTROL_OPTIONAL,,SINGLE_CHOICE,데이터 취급 및 처리(캘린더 일정)/이 데이터는 앱에 필수인가요? 아니면 사용자가 수집 여부를 선택할 수 있나요?/사용자가 데이터의 수집 여부를 선택할 수 있습니다
PSL_DATA_USAGE_RESPONSES:PSL_CALENDAR:DATA_USAGE_USER_CONTROL,PSL_DATA_USAGE_USER_CONTROL_REQUIRED,,SINGLE_CHOICE,데이터 취급 및 처리(캘린더 일정)/이 데이터는 앱에 필수인가요? 아니면 사용자가 수집 여부를 선택할 수 있나요?/데이터 수집은 필수입니다(사용자가 이 데이터 수집을 중지할 수 없음)
PSL_DATA_USAGE_RESPONSES:PSL_CALENDAR:DATA_USAGE_COLLECTION_PURPOSE,PSL_APP_FUNCTIONALITY,,MULTIPLE_CHOICE,데이터 취급 및 처리(캘린더 일정)/이 사용자 데이터가 수집되는 이유는 무엇인가요? 해당하는 항목을 모두 선택해 주세요./앱 기능
PSL_DATA_USAGE_RESPONSES:PSL_CALENDAR:DATA_USAGE_COLLECTION_PURPOSE,PSL_ANALYTICS,,MULTIPLE_CHOICE,데이터 취급 및 처리(캘린더 일정)/이 사용자 데이터가 수집되는 이유는 무엇인가요? 해당하는 항목을 모두 선택해 주세요./애널리틱스
PSL_DATA_USAGE_RESPONSES:PSL_CALENDAR:DATA_USAGE_COLLECTION_PURPOSE,PSL_DEVELOPER_COMMUNICATIONS,,MULTIPLE_CHOICE,데이터 취급 및 처리(캘린더 일정)/이 사용자 데이터가 수집되는 이유는 무엇인가요? 해당하는 항목을 모두 선택해 주세요./개발자 커뮤니케이션
PSL_DATA_USAGE_RESPONSES:PSL_CALENDAR:DATA_USAGE_COLLECTION_PURPOSE,PSL_FRAUD_PREVENTION_SECURITY,,MULTIPLE_CHOICE,"데이터 취급 및 처리(캘린더 일정)/이 사용자 데이터가 수집되는 이유는 무엇인가요? 해당하는 항목을 모두 선택해 주세요./사기 예방, 보안, 규정 준수"
PSL_DATA_USAGE_RESPONSES:PSL_CALENDAR:DATA_USAGE_COLLECTION_PURPOSE,PSL_ADVERTISING,,MULTIPLE_CHOICE,데이터 취급 및 처리(캘린더 일정)/이 사용자 데이터가 수집되는 이유는 무엇인가요? 해당하는 항목을 모두 선택해 주세요./광고 또는 마케팅
PSL_DATA_USAGE_RESPONSES:PSL_CALENDAR:DATA_USAGE_COLLECTION_PURPOSE,PSL_PERSONALIZATION,,MULTIPLE_CHOICE,데이터 취급 및 처리(캘린더 일정)/이 사용자 데이터가 수집되는 이유는 무엇인가요? 해당하는 항목을 모두 선택해 주세요./맞춤설정
PSL_DATA_USAGE_RESPONSES:PSL_CALENDAR:DATA_USAGE_COLLECTION_PURPOSE,PSL_ACCOUNT_MANAGEMENT,,MULTIPLE_CHOICE,데이터 취급 및 처리(캘린더 일정)/이 사용자 데이터가 수집되는 이유는 무엇인가요? 해당하는 항목을 모두 선택해 주세요./계정 관리
PSL_DATA_USAGE_RESPONSES:PSL_CALENDAR:DATA_USAGE_SHARING_PURPOSE,PSL_APP_FUNCTIONALITY,,MULTIPLE_CHOICE,데이터 취급 및 처리(캘린더 일정)/이 사용자 데이터가 공유되는 이유는 무엇인가요? 해당하는 항목을 모두 선택해 주세요./앱 기능
PSL_DATA_USAGE_RESPONSES:PSL_CALENDAR:DATA_USAGE_SHARING_PURPOSE,PSL_ANALYTICS,,MULTIPLE_CHOICE,데이터 취급 및 처리(캘린더 일정)/이 사용자 데이터가 공유되는 이유는 무엇인가요? 해당하는 항목을 모두 선택해 주세요./애널리틱스
PSL_DATA_USAGE_RESPONSES:PSL_CALENDAR:DATA_USAGE_SHARING_PURPOSE,PSL_DEVELOPER_COMMUNICATIONS,,MULTIPLE_CHOICE,데이터 취급 및 처리(캘린더 일정)/이 사용자 데이터가 공유되는 이유는 무엇인가요? 해당하는 항목을 모두 선택해 주세요./개발자 커뮤니케이션
PSL_DATA_USAGE_RESPONSES:PSL_CALENDAR:DATA_USAGE_SHARING_PURPOSE,PSL_FRAUD_PREVENTION_SECURITY,,MULTIPLE_CHOICE,"데이터 취급 및 처리(캘린더 일정)/이 사용자 데이터가 공유되는 이유는 무엇인가요? 해당하는 항목을 모두 선택해 주세요./사기 예방, 보안, 규정 준수"
PSL_DATA_USAGE_RESPONSES:PSL_CALENDAR:DATA_USAGE_SHARING_PURPOSE,PSL_ADVERTISING,,MULTIPLE_CHOICE,데이터 취급 및 처리(캘린더 일정)/이 사용자 데이터가 공유되는 이유는 무엇인가요? 해당하는 항목을 모두 선택해 주세요./광고 또는 마케팅
PSL_DATA_USAGE_RESPONSES:PSL_CALENDAR:DATA_USAGE_SHARING_PURPOSE,PSL_PERSONALIZATION,,MULTIPLE_CHOICE,데이터 취급 및 처리(캘린더 일정)/이 사용자 데이터가 공유되는 이유는 무엇인가요? 해당하는 항목을 모두 선택해 주세요./맞춤설정
PSL_DATA_USAGE_RESPONSES:PSL_CALENDAR:DATA_USAGE_SHARING_PURPOSE,PSL_ACCOUNT_MANAGEMENT,,MULTIPLE_CHOICE,데이터 취급 및 처리(캘린더 일정)/이 사용자 데이터가 공유되는 이유는 무엇인가요? 해당하는 항목을 모두 선택해 주세요./계정 관리
PSL_DATA_USAGE_RESPONSES:PSL_CRASH_LOGS:PSL_DATA_USAGE_COLLECTION_AND_SHARING,PSL_DATA_USAGE_ONLY_COLLECTED,,MULTIPLE_CHOICE,데이터 취급 및 처리(비정상 종료 로그)/데이터를 수집 또는 공유하나요? 아니면 수집과 공유를 모두 하나요?/수집됨
PSL_DATA_USAGE_RESPONSES:PSL_CRASH_LOGS:PSL_DATA_USAGE_COLLECTION_AND_SHARING,PSL_DATA_USAGE_ONLY_SHARED,,MULTIPLE_CHOICE,데이터 취급 및 처리(비정상 종료 로그)/데이터를 수집 또는 공유하나요? 아니면 수집과 공유를 모두 하나요?/공유됨
PSL_DATA_USAGE_RESPONSES:PSL_CRASH_LOGS:PSL_DATA_USAGE_EPHEMERAL,,,MAYBE_REQUIRED,데이터 취급 및 처리(비정상 종료 로그)/이 데이터는 임시로 처리되나요?
PSL_DATA_USAGE_RESPONSES:PSL_CRASH_LOGS:DATA_USAGE_USER_CONTROL,PSL_DATA_USAGE_USER_CONTROL_OPTIONAL,,SINGLE_CHOICE,데이터 취급 및 처리(비정상 종료 로그)/이 데이터는 앱에 필수인가요? 아니면 사용자가 수집 여부를 선택할 수 있나요?/사용자가 데이터의 수집 여부를 선택할 수 있습니다
PSL_DATA_USAGE_RESPONSES:PSL_CRASH_LOGS:DATA_USAGE_USER_CONTROL,PSL_DATA_USAGE_USER_CONTROL_REQUIRED,,SINGLE_CHOICE,데이터 취급 및 처리(비정상 종료 로그)/이 데이터는 앱에 필수인가요? 아니면 사용자가 수집 여부를 선택할 수 있나요?/데이터 수집은 필수입니다(사용자가 이 데이터 수집을 중지할 수 없음)
PSL_DATA_USAGE_RESPONSES:PSL_CRASH_LOGS:DATA_USAGE_COLLECTION_PURPOSE,PSL_APP_FUNCTIONALITY,,MULTIPLE_CHOICE,데이터 취급 및 처리(비정상 종료 로그)/이 사용자 데이터가 수집되는 이유는 무엇인가요? 해당하는 항목을 모두 선택해 주세요./앱 기능
PSL_DATA_USAGE_RESPONSES:PSL_CRASH_LOGS:DATA_USAGE_COLLECTION_PURPOSE,PSL_ANALYTICS,,MULTIPLE_CHOICE,데이터 취급 및 처리(비정상 종료 로그)/이 사용자 데이터가 수집되는 이유는 무엇인가요? 해당하는 항목을 모두 선택해 주세요./애널리틱스
PSL_DATA_USAGE_RESPONSES:PSL_CRASH_LOGS:DATA_USAGE_COLLECTION_PURPOSE,PSL_DEVELOPER_COMMUNICATIONS,,MULTIPLE_CHOICE,데이터 취급 및 처리(비정상 종료 로그)/이 사용자 데이터가 수집되는 이유는 무엇인가요? 해당하는 항목을 모두 선택해 주세요./개발자 커뮤니케이션
PSL_DATA_USAGE_RESPONSES:PSL_CRASH_LOGS:DATA_USAGE_COLLECTION_PURPOSE,PSL_FRAUD_PREVENTION_SECURITY,,MULTIPLE_CHOICE,"데이터 취급 및 처리(비정상 종료 로그)/이 사용자 데이터가 수집되는 이유는 무엇인가요? 해당하는 항목을 모두 선택해 주세요./사기 예방, 보안, 규정 준수"
PSL_DATA_USAGE_RESPONSES:PSL_CRASH_LOGS:DATA_USAGE_COLLECTION_PURPOSE,PSL_ADVERTISING,,MULTIPLE_CHOICE,데이터 취급 및 처리(비정상 종료 로그)/이 사용자 데이터가 수집되는 이유는 무엇인가요? 해당하는 항목을 모두 선택해 주세요./광고 또는 마케팅
PSL_DATA_USAGE_RESPONSES:PSL_CRASH_LOGS:DATA_USAGE_COLLECTION_PURPOSE,PSL_PERSONALIZATION,,MULTIPLE_CHOICE,데이터 취급 및 처리(비정상 종료 로그)/이 사용자 데이터가 수집되는 이유는 무엇인가요? 해당하는 항목을 모두 선택해 주세요./맞춤설정
PSL_DATA_USAGE_RESPONSES:PSL_CRASH_LOGS:DATA_USAGE_COLLECTION_PURPOSE,PSL_ACCOUNT_MANAGEMENT,,MULTIPLE_CHOICE,데이터 취급 및 처리(비정상 종료 로그)/이 사용자 데이터가 수집되는 이유는 무엇인가요? 해당하는 항목을 모두 선택해 주세요./계정 관리
PSL_DATA_USAGE_RESPONSES:PSL_CRASH_LOGS:DATA_USAGE_SHARING_PURPOSE,PSL_APP_FUNCTIONALITY,,MULTIPLE_CHOICE,데이터 취급 및 처리(비정상 종료 로그)/이 사용자 데이터가 공유되는 이유는 무엇인가요? 해당하는 항목을 모두 선택해 주세요./앱 기능
PSL_DATA_USAGE_RESPONSES:PSL_CRASH_LOGS:DATA_USAGE_SHARING_PURPOSE,PSL_ANALYTICS,,MULTIPLE_CHOICE,데이터 취급 및 처리(비정상 종료 로그)/이 사용자 데이터가 공유되는 이유는 무엇인가요? 해당하는 항목을 모두 선택해 주세요./애널리틱스
PSL_DATA_USAGE_RESPONSES:PSL_CRASH_LOGS:DATA_USAGE_SHARING_PURPOSE,PSL_DEVELOPER_COMMUNICATIONS,,MULTIPLE_CHOICE,데이터 취급 및 처리(비정상 종료 로그)/이 사용자 데이터가 공유되는 이유는 무엇인가요? 해당하는 항목을 모두 선택해 주세요./개발자 커뮤니케이션
PSL_DATA_USAGE_RESPONSES:PSL_CRASH_LOGS:DATA_USAGE_SHARING_PURPOSE,PSL_FRAUD_PREVENTION_SECURITY,,MULTIPLE_CHOICE,"데이터 취급 및 처리(비정상 종료 로그)/이 사용자 데이터가 공유되는 이유는 무엇인가요? 해당하는 항목을 모두 선택해 주세요./사기 예방, 보안, 규정 준수"
PSL_DATA_USAGE_RESPONSES:PSL_CRASH_LOGS:DATA_USAGE_SHARING_PURPOSE,PSL_ADVERTISING,,MULTIPLE_CHOICE,데이터 취급 및 처리(비정상 종료 로그)/이 사용자 데이터가 공유되는 이유는 무엇인가요? 해당하는 항목을 모두 선택해 주세요./광고 또는 마케팅
PSL_DATA_USAGE_RESPONSES:PSL_CRASH_LOGS:DATA_USAGE_SHARING_PURPOSE,PSL_PERSONALIZATION,,MULTIPLE_CHOICE,데이터 취급 및 처리(비정상 종료 로그)/이 사용자 데이터가 공유되는 이유는 무엇인가요? 해당하는 항목을 모두 선택해 주세요./맞춤설정
PSL_DATA_USAGE_RESPONSES:PSL_CRASH_LOGS:DATA_USAGE_SHARING_PURPOSE,PSL_ACCOUNT_MANAGEMENT,,MULTIPLE_CHOICE,데이터 취급 및 처리(비정상 종료 로그)/이 사용자 데이터가 공유되는 이유는 무엇인가요? 해당하는 항목을 모두 선택해 주세요./계정 관리
PSL_DATA_USAGE_RESPONSES:PSL_PERFORMANCE_DIAGNOSTICS:PSL_DATA_USAGE_COLLECTION_AND_SHARING,PSL_DATA_USAGE_ONLY_COLLECTED,,MULTIPLE_CHOICE,데이터 취급 및 처리(진단)/데이터를 수집 또는 공유하나요? 아니면 수집과 공유를 모두 하나요?/수집됨
PSL_DATA_USAGE_RESPONSES:PSL_PERFORMANCE_DIAGNOSTICS:PSL_DATA_USAGE_COLLECTION_AND_SHARING,PSL_DATA_USAGE_ONLY_SHARED,,MULTIPLE_CHOICE,데이터 취급 및 처리(진단)/데이터를 수집 또는 공유하나요? 아니면 수집과 공유를 모두 하나요?/공유됨
PSL_DATA_USAGE_RESPONSES:PSL_PERFORMANCE_DIAGNOSTICS:PSL_DATA_USAGE_EPHEMERAL,,,MAYBE_REQUIRED,데이터 취급 및 처리(진단)/이 데이터는 임시로 처리되나요?
PSL_DATA_USAGE_RESPONSES:PSL_PERFORMANCE_DIAGNOSTICS:DATA_USAGE_USER_CONTROL,PSL_DATA_USAGE_USER_CONTROL_OPTIONAL,,SINGLE_CHOICE,데이터 취급 및 처리(진단)/이 데이터는 앱에 필수인가요? 아니면 사용자가 수집 여부를 선택할 수 있나요?/사용자가 데이터의 수집 여부를 선택할 수 있습니다
PSL_DATA_USAGE_RESPONSES:PSL_PERFORMANCE_DIAGNOSTICS:DATA_USAGE_USER_CONTROL,PSL_DATA_USAGE_USER_CONTROL_REQUIRED,,SINGLE_CHOICE,데이터 취급 및 처리(진단)/이 데이터는 앱에 필수인가요? 아니면 사용자가 수집 여부를 선택할 수 있나요?/데이터 수집은 필수입니다(사용자가 이 데이터 수집을 중지할 수 없음)
PSL_DATA_USAGE_RESPONSES:PSL_PERFORMANCE_DIAGNOSTICS:DATA_USAGE_COLLECTION_PURPOSE,PSL_APP_FUNCTIONALITY,,MULTIPLE_CHOICE,데이터 취급 및 처리(진단)/이 사용자 데이터가 수집되는 이유는 무엇인가요? 해당하는 항목을 모두 선택해 주세요./앱 기능
PSL_DATA_USAGE_RESPONSES:PSL_PERFORMANCE_DIAGNOSTICS:DATA_USAGE_COLLECTION_PURPOSE,PSL_ANALYTICS,,MULTIPLE_CHOICE,데이터 취급 및 처리(진단)/이 사용자 데이터가 수집되는 이유는 무엇인가요? 해당하는 항목을 모두 선택해 주세요./애널리틱스
PSL_DATA_USAGE_RESPONSES:PSL_PERFORMANCE_DIAGNOSTICS:DATA_USAGE_COLLECTION_PURPOSE,PSL_DEVELOPER_COMMUNICATIONS,,MULTIPLE_CHOICE,데이터 취급 및 처리(진단)/이 사용자 데이터가 수집되는 이유는 무엇인가요? 해당하는 항목을 모두 선택해 주세요./개발자 커뮤니케이션
PSL_DATA_USAGE_RESPONSES:PSL_PERFORMANCE_DIAGNOSTICS:DATA_USAGE_COLLECTION_PURPOSE,PSL_FRAUD_PREVENTION_SECURITY,,MULTIPLE_CHOICE,"데이터 취급 및 처리(진단)/이 사용자 데이터가 수집되는 이유는 무엇인가요? 해당하는 항목을 모두 선택해 주세요./사기 예방, 보안, 규정 준수"
PSL_DATA_USAGE_RESPONSES:PSL_PERFORMANCE_DIAGNOSTICS:DATA_USAGE_COLLECTION_PURPOSE,PSL_ADVERTISING,,MULTIPLE_CHOICE,데이터 취급 및 처리(진단)/이 사용자 데이터가 수집되는 이유는 무엇인가요? 해당하는 항목을 모두 선택해 주세요./광고 또는 마케팅
PSL_DATA_USAGE_RESPONSES:PSL_PERFORMANCE_DIAGNOSTICS:DATA_USAGE_COLLECTION_PURPOSE,PSL_PERSONALIZATION,,MULTIPLE_CHOICE,데이터 취급 및 처리(진단)/이 사용자 데이터가 수집되는 이유는 무엇인가요? 해당하는 항목을 모두 선택해 주세요./맞춤설정
PSL_DATA_USAGE_RESPONSES:PSL_PERFORMANCE_DIAGNOSTICS:DATA_USAGE_COLLECTION_PURPOSE,PSL_ACCOUNT_MANAGEMENT,,MULTIPLE_CHOICE,데이터 취급 및 처리(진단)/이 사용자 데이터가 수집되는 이유는 무엇인가요? 해당하는 항목을 모두 선택해 주세요./계정 관리
PSL_DATA_USAGE_RESPONSES:PSL_PERFORMANCE_DIAGNOSTICS:DATA_USAGE_SHARING_PURPOSE,PSL_APP_FUNCTIONALITY,,MULTIPLE_CHOICE,데이터 취급 및 처리(진단)/이 사용자 데이터가 공유되는 이유는 무엇인가요? 해당하는 항목을 모두 선택해 주세요./앱 기능
PSL_DATA_USAGE_RESPONSES:PSL_PERFORMANCE_DIAGNOSTICS:DATA_USAGE_SHARING_PURPOSE,PSL_ANALYTICS,,MULTIPLE_CHOICE,데이터 취급 및 처리(진단)/이 사용자 데이터가 공유되는 이유는 무엇인가요? 해당하는 항목을 모두 선택해 주세요./애널리틱스
PSL_DATA_USAGE_RESPONSES:PSL_PERFORMANCE_DIAGNOSTICS:DATA_USAGE_SHARING_PURPOSE,PSL_DEVELOPER_COMMUNICATIONS,,MULTIPLE_CHOICE,데이터 취급 및 처리(진단)/이 사용자 데이터가 공유되는 이유는 무엇인가요? 해당하는 항목을 모두 선택해 주세요./개발자 커뮤니케이션
PSL_DATA_USAGE_RESPONSES:PSL_PERFORMANCE_DIAGNOSTICS:DATA_USAGE_SHARING_PURPOSE,PSL_FRAUD_PREVENTION_SECURITY,,MULTIPLE_CHOICE,"데이터 취급 및 처리(진단)/이 사용자 데이터가 공유되는 이유는 무엇인가요? 해당하는 항목을 모두 선택해 주세요./사기 예방, 보안, 규정 준수"
PSL_DATA_USAGE_RESPONSES:PSL_PERFORMANCE_DIAGNOSTICS:DATA_USAGE_SHARING_PURPOSE,PSL_ADVERTISING,,MULTIPLE_CHOICE,데이터 취급 및 처리(진단)/이 사용자 데이터가 공유되는 이유는 무엇인가요? 해당하는 항목을 모두 선택해 주세요./광고 또는 마케팅
PSL_DATA_USAGE_RESPONSES:PSL_PERFORMANCE_DIAGNOSTICS:DATA_USAGE_SHARING_PURPOSE,PSL_PERSONALIZATION,,MULTIPLE_CHOICE,데이터 취급 및 처리(진단)/이 사용자 데이터가 공유되는 이유는 무엇인가요? 해당하는 항목을 모두 선택해 주세요./맞춤설정
PSL_DATA_USAGE_RESPONSES:PSL_PERFORMANCE_DIAGNOSTICS:DATA_USAGE_SHARING_PURPOSE,PSL_ACCOUNT_MANAGEMENT,,MULTIPLE_CHOICE,데이터 취급 및 처리(진단)/이 사용자 데이터가 공유되는 이유는 무엇인가요? 해당하는 항목을 모두 선택해 주세요./계정 관리
PSL_DATA_USAGE_RESPONSES:PSL_OTHER_PERFORMANCE:PSL_DATA_USAGE_COLLECTION_AND_SHARING,PSL_DATA_USAGE_ONLY_COLLECTED,,MULTIPLE_CHOICE,데이터 취급 및 처리(기타 앱 성능 데이터)/데이터를 수집 또는 공유하나요? 아니면 수집과 공유를 모두 하나요?/수집됨
PSL_DATA_USAGE_RESPONSES:PSL_OTHER_PERFORMANCE:PSL_DATA_USAGE_COLLECTION_AND_SHARING,PSL_DATA_USAGE_ONLY_SHARED,,MULTIPLE_CHOICE,데이터 취급 및 처리(기타 앱 성능 데이터)/데이터를 수집 또는 공유하나요? 아니면 수집과 공유를 모두 하나요?/공유됨
PSL_DATA_USAGE_RESPONSES:PSL_OTHER_PERFORMANCE:PSL_DATA_USAGE_EPHEMERAL,,,MAYBE_REQUIRED,데이터 취급 및 처리(기타 앱 성능 데이터)/이 데이터는 임시로 처리되나요?
PSL_DATA_USAGE_RESPONSES:PSL_OTHER_PERFORMANCE:DATA_USAGE_USER_CONTROL,PSL_DATA_USAGE_USER_CONTROL_OPTIONAL,,SINGLE_CHOICE,데이터 취급 및 처리(기타 앱 성능 데이터)/이 데이터는 앱에 필수인가요? 아니면 사용자가 수집 여부를 선택할 수 있나요?/사용자가 데이터의 수집 여부를 선택할 수 있습니다
PSL_DATA_USAGE_RESPONSES:PSL_OTHER_PERFORMANCE:DATA_USAGE_USER_CONTROL,PSL_DATA_USAGE_USER_CONTROL_REQUIRED,,SINGLE_CHOICE,데이터 취급 및 처리(기타 앱 성능 데이터)/이 데이터는 앱에 필수인가요? 아니면 사용자가 수집 여부를 선택할 수 있나요?/데이터 수집은 필수입니다(사용자가 이 데이터 수집을 중지할 수 없음)
PSL_DATA_USAGE_RESPONSES:PSL_OTHER_PERFORMANCE:DATA_USAGE_COLLECTION_PURPOSE,PSL_APP_FUNCTIONALITY,,MULTIPLE_CHOICE,데이터 취급 및 처리(기타 앱 성능 데이터)/이 사용자 데이터가 수집되는 이유는 무엇인가요? 해당하는 항목을 모두 선택해 주세요./앱 기능
PSL_DATA_USAGE_RESPONSES:PSL_OTHER_PERFORMANCE:DATA_USAGE_COLLECTION_PURPOSE,PSL_ANALYTICS,,MULTIPLE_CHOICE,데이터 취급 및 처리(기타 앱 성능 데이터)/이 사용자 데이터가 수집되는 이유는 무엇인가요? 해당하는 항목을 모두 선택해 주세요./애널리틱스
PSL_DATA_USAGE_RESPONSES:PSL_OTHER_PERFORMANCE:DATA_USAGE_COLLECTION_PURPOSE,PSL_DEVELOPER_COMMUNICATIONS,,MULTIPLE_CHOICE,데이터 취급 및 처리(기타 앱 성능 데이터)/이 사용자 데이터가 수집되는 이유는 무엇인가요? 해당하는 항목을 모두 선택해 주세요./개발자 커뮤니케이션
PSL_DATA_USAGE_RESPONSES:PSL_OTHER_PERFORMANCE:DATA_USAGE_COLLECTION_PURPOSE,PSL_FRAUD_PREVENTION_SECURITY,,MULTIPLE_CHOICE,"데이터 취급 및 처리(기타 앱 성능 데이터)/이 사용자 데이터가 수집되는 이유는 무엇인가요? 해당하는 항목을 모두 선택해 주세요./사기 예방, 보안, 규정 준수"
PSL_DATA_USAGE_RESPONSES:PSL_OTHER_PERFORMANCE:DATA_USAGE_COLLECTION_PURPOSE,PSL_ADVERTISING,,MULTIPLE_CHOICE,데이터 취급 및 처리(기타 앱 성능 데이터)/이 사용자 데이터가 수집되는 이유는 무엇인가요? 해당하는 항목을 모두 선택해 주세요./광고 또는 마케팅
PSL_DATA_USAGE_RESPONSES:PSL_OTHER_PERFORMANCE:DATA_USAGE_COLLECTION_PURPOSE,PSL_PERSONALIZATION,,MULTIPLE_CHOICE,데이터 취급 및 처리(기타 앱 성능 데이터)/이 사용자 데이터가 수집되는 이유는 무엇인가요? 해당하는 항목을 모두 선택해 주세요./맞춤설정
PSL_DATA_USAGE_RESPONSES:PSL_OTHER_PERFORMANCE:DATA_USAGE_COLLECTION_PURPOSE,PSL_ACCOUNT_MANAGEMENT,,MULTIPLE_CHOICE,데이터 취급 및 처리(기타 앱 성능 데이터)/이 사용자 데이터가 수집되는 이유는 무엇인가요? 해당하는 항목을 모두 선택해 주세요./계정 관리
PSL_DATA_USAGE_RESPONSES:PSL_OTHER_PERFORMANCE:DATA_USAGE_SHARING_PURPOSE,PSL_APP_FUNCTIONALITY,,MULTIPLE_CHOICE,데이터 취급 및 처리(기타 앱 성능 데이터)/이 사용자 데이터가 공유되는 이유는 무엇인가요? 해당하는 항목을 모두 선택해 주세요./앱 기능
PSL_DATA_USAGE_RESPONSES:PSL_OTHER_PERFORMANCE:DATA_USAGE_SHARING_PURPOSE,PSL_ANALYTICS,,MULTIPLE_CHOICE,데이터 취급 및 처리(기타 앱 성능 데이터)/이 사용자 데이터가 공유되는 이유는 무엇인가요? 해당하는 항목을 모두 선택해 주세요./애널리틱스
PSL_DATA_USAGE_RESPONSES:PSL_OTHER_PERFORMANCE:DATA_USAGE_SHARING_PURPOSE,PSL_DEVELOPER_COMMUNICATIONS,,MULTIPLE_CHOICE,데이터 취급 및 처리(기타 앱 성능 데이터)/이 사용자 데이터가 공유되는 이유는 무엇인가요? 해당하는 항목을 모두 선택해 주세요./개발자 커뮤니케이션
PSL_DATA_USAGE_RESPONSES:PSL_OTHER_PERFORMANCE:DATA_USAGE_SHARING_PURPOSE,PSL_FRAUD_PREVENTION_SECURITY,,MULTIPLE_CHOICE,"데이터 취급 및 처리(기타 앱 성능 데이터)/이 사용자 데이터가 공유되는 이유는 무엇인가요? 해당하는 항목을 모두 선택해 주세요./사기 예방, 보안, 규정 준수"
PSL_DATA_USAGE_RESPONSES:PSL_OTHER_PERFORMANCE:DATA_USAGE_SHARING_PURPOSE,PSL_ADVERTISING,,MULTIPLE_CHOICE,데이터 취급 및 처리(기타 앱 성능 데이터)/이 사용자 데이터가 공유되는 이유는 무엇인가요? 해당하는 항목을 모두 선택해 주세요./광고 또는 마케팅
PSL_DATA_USAGE_RESPONSES:PSL_OTHER_PERFORMANCE:DATA_USAGE_SHARING_PURPOSE,PSL_PERSONALIZATION,,MULTIPLE_CHOICE,데이터 취급 및 처리(기타 앱 성능 데이터)/이 사용자 데이터가 공유되는 이유는 무엇인가요? 해당하는 항목을 모두 선택해 주세요./맞춤설정
PSL_DATA_USAGE_RESPONSES:PSL_OTHER_PERFORMANCE:DATA_USAGE_SHARING_PURPOSE,PSL_ACCOUNT_MANAGEMENT,,MULTIPLE_CHOICE,데이터 취급 및 처리(기타 앱 성능 데이터)/이 사용자 데이터가 공유되는 이유는 무엇인가요? 해당하는 항목을 모두 선택해 주세요./계정 관리
PSL_DATA_USAGE_RESPONSES:PSL_FILES_AND_DOCS:PSL_DATA_USAGE_COLLECTION_AND_SHARING,PSL_DATA_USAGE_ONLY_COLLECTED,,MULTIPLE_CHOICE,데이터 취급 및 처리(파일 및 문서)/데이터를 수집 또는 공유하나요? 아니면 수집과 공유를 모두 하나요?/수집됨
PSL_DATA_USAGE_RESPONSES:PSL_FILES_AND_DOCS:PSL_DATA_USAGE_COLLECTION_AND_SHARING,PSL_DATA_USAGE_ONLY_SHARED,,MULTIPLE_CHOICE,데이터 취급 및 처리(파일 및 문서)/데이터를 수집 또는 공유하나요? 아니면 수집과 공유를 모두 하나요?/공유됨
PSL_DATA_USAGE_RESPONSES:PSL_FILES_AND_DOCS:PSL_DATA_USAGE_EPHEMERAL,,,MAYBE_REQUIRED,데이터 취급 및 처리(파일 및 문서)/이 데이터는 임시로 처리되나요?
PSL_DATA_USAGE_RESPONSES:PSL_FILES_AND_DOCS:DATA_USAGE_USER_CONTROL,PSL_DATA_USAGE_USER_CONTROL_OPTIONAL,,SINGLE_CHOICE,데이터 취급 및 처리(파일 및 문서)/이 데이터는 앱에 필수인가요? 아니면 사용자가 수집 여부를 선택할 수 있나요?/사용자가 데이터의 수집 여부를 선택할 수 있습니다
PSL_DATA_USAGE_RESPONSES:PSL_FILES_AND_DOCS:DATA_USAGE_USER_CONTROL,PSL_DATA_USAGE_USER_CONTROL_REQUIRED,,SINGLE_CHOICE,데이터 취급 및 처리(파일 및 문서)/이 데이터는 앱에 필수인가요? 아니면 사용자가 수집 여부를 선택할 수 있나요?/데이터 수집은 필수입니다(사용자가 이 데이터 수집을 중지할 수 없음)
PSL_DATA_USAGE_RESPONSES:PSL_FILES_AND_DOCS:DATA_USAGE_COLLECTION_PURPOSE,PSL_APP_FUNCTIONALITY,,MULTIPLE_CHOICE,데이터 취급 및 처리(파일 및 문서)/이 사용자 데이터가 수집되는 이유는 무엇인가요? 해당하는 항목을 모두 선택해 주세요./앱 기능
PSL_DATA_USAGE_RESPONSES:PSL_FILES_AND_DOCS:DATA_USAGE_COLLECTION_PURPOSE,PSL_ANALYTICS,,MULTIPLE_CHOICE,데이터 취급 및 처리(파일 및 문서)/이 사용자 데이터가 수집되는 이유는 무엇인가요? 해당하는 항목을 모두 선택해 주세요./애널리틱스
PSL_DATA_USAGE_RESPONSES:PSL_FILES_AND_DOCS:DATA_USAGE_COLLECTION_PURPOSE,PSL_DEVELOPER_COMMUNICATIONS,,MULTIPLE_CHOICE,데이터 취급 및 처리(파일 및 문서)/이 사용자 데이터가 수집되는 이유는 무엇인가요? 해당하는 항목을 모두 선택해 주세요./개발자 커뮤니케이션
PSL_DATA_USAGE_RESPONSES:PSL_FILES_AND_DOCS:DATA_USAGE_COLLECTION_PURPOSE,PSL_FRAUD_PREVENTION_SECURITY,,MULTIPLE_CHOICE,"데이터 취급 및 처리(파일 및 문서)/이 사용자 데이터가 수집되는 이유는 무엇인가요? 해당하는 항목을 모두 선택해 주세요./사기 예방, 보안, 규정 준수"
PSL_DATA_USAGE_RESPONSES:PSL_FILES_AND_DOCS:DATA_USAGE_COLLECTION_PURPOSE,PSL_ADVERTISING,,MULTIPLE_CHOICE,데이터 취급 및 처리(파일 및 문서)/이 사용자 데이터가 수집되는 이유는 무엇인가요? 해당하는 항목을 모두 선택해 주세요./광고 또는 마케팅
PSL_DATA_USAGE_RESPONSES:PSL_FILES_AND_DOCS:DATA_USAGE_COLLECTION_PURPOSE,PSL_PERSONALIZATION,,MULTIPLE_CHOICE,데이터 취급 및 처리(파일 및 문서)/이 사용자 데이터가 수집되는 이유는 무엇인가요? 해당하는 항목을 모두 선택해 주세요./맞춤설정
PSL_DATA_USAGE_RESPONSES:PSL_FILES_AND_DOCS:DATA_USAGE_COLLECTION_PURPOSE,PSL_ACCOUNT_MANAGEMENT,,MULTIPLE_CHOICE,데이터 취급 및 처리(파일 및 문서)/이 사용자 데이터가 수집되는 이유는 무엇인가요? 해당하는 항목을 모두 선택해 주세요./계정 관리
PSL_DATA_USAGE_RESPONSES:PSL_FILES_AND_DOCS:DATA_USAGE_SHARING_PURPOSE,PSL_APP_FUNCTIONALITY,,MULTIPLE_CHOICE,데이터 취급 및 처리(파일 및 문서)/이 사용자 데이터가 공유되는 이유는 무엇인가요? 해당하는 항목을 모두 선택해 주세요./앱 기능
PSL_DATA_USAGE_RESPONSES:PSL_FILES_AND_DOCS:DATA_USAGE_SHARING_PURPOSE,PSL_ANALYTICS,,MULTIPLE_CHOICE,데이터 취급 및 처리(파일 및 문서)/이 사용자 데이터가 공유되는 이유는 무엇인가요? 해당하는 항목을 모두 선택해 주세요./애널리틱스
PSL_DATA_USAGE_RESPONSES:PSL_FILES_AND_DOCS:DATA_USAGE_SHARING_PURPOSE,PSL_DEVELOPER_COMMUNICATIONS,,MULTIPLE_CHOICE,데이터 취급 및 처리(파일 및 문서)/이 사용자 데이터가 공유되는 이유는 무엇인가요? 해당하는 항목을 모두 선택해 주세요./개발자 커뮤니케이션
PSL_DATA_USAGE_RESPONSES:PSL_FILES_AND_DOCS:DATA_USAGE_SHARING_PURPOSE,PSL_FRAUD_PREVENTION_SECURITY,,MULTIPLE_CHOICE,"데이터 취급 및 처리(파일 및 문서)/이 사용자 데이터가 공유되는 이유는 무엇인가요? 해당하는 항목을 모두 선택해 주세요./사기 예방, 보안, 규정 준수"
PSL_DATA_USAGE_RESPONSES:PSL_FILES_AND_DOCS:DATA_USAGE_SHARING_PURPOSE,PSL_ADVERTISING,,MULTIPLE_CHOICE,데이터 취급 및 처리(파일 및 문서)/이 사용자 데이터가 공유되는 이유는 무엇인가요? 해당하는 항목을 모두 선택해 주세요./광고 또는 마케팅
PSL_DATA_USAGE_RESPONSES:PSL_FILES_AND_DOCS:DATA_USAGE_SHARING_PURPOSE,PSL_PERSONALIZATION,,MULTIPLE_CHOICE,데이터 취급 및 처리(파일 및 문서)/이 사용자 데이터가 공유되는 이유는 무엇인가요? 해당하는 항목을 모두 선택해 주세요./맞춤설정
PSL_DATA_USAGE_RESPONSES:PSL_FILES_AND_DOCS:DATA_USAGE_SHARING_PURPOSE,PSL_ACCOUNT_MANAGEMENT,,MULTIPLE_CHOICE,데이터 취급 및 처리(파일 및 문서)/이 사용자 데이터가 공유되는 이유는 무엇인가요? 해당하는 항목을 모두 선택해 주세요./계정 관리
PSL_DATA_USAGE_RESPONSES:PSL_USER_INTERACTION:PSL_DATA_USAGE_COLLECTION_AND_SHARING,PSL_DATA_USAGE_ONLY_COLLECTED,true,MULTIPLE_CHOICE,데이터 취급 및 처리(앱 상호작용)/데이터를 수집 또는 공유하나요? 아니면 수집과 공유를 모두 하나요?/수집됨
PSL_DATA_USAGE_RESPONSES:PSL_USER_INTERACTION:PSL_DATA_USAGE_COLLECTION_AND_SHARING,PSL_DATA_USAGE_ONLY_SHARED,true,MULTIPLE_CHOICE,데이터 취급 및 처리(앱 상호작용)/데이터를 수집 또는 공유하나요? 아니면 수집과 공유를 모두 하나요?/공유됨
PSL_DATA_USAGE_RESPONSES:PSL_USER_INTERACTION:PSL_DATA_USAGE_EPHEMERAL,,false,MAYBE_REQUIRED,데이터 취급 및 처리(앱 상호작용)/이 데이터는 임시로 처리되나요?
PSL_DATA_USAGE_RESPONSES:PSL_USER_INTERACTION:DATA_USAGE_USER_CONTROL,PSL_DATA_USAGE_USER_CONTROL_OPTIONAL,,SINGLE_CHOICE,데이터 취급 및 처리(앱 상호작용)/이 데이터는 앱에 필수인가요? 아니면 사용자가 수집 여부를 선택할 수 있나요?/사용자가 데이터의 수집 여부를 선택할 수 있습니다
PSL_DATA_USAGE_RESPONSES:PSL_USER_INTERACTION:DATA_USAGE_USER_CONTROL,PSL_DATA_USAGE_USER_CONTROL_REQUIRED,true,SINGLE_CHOICE,데이터 취급 및 처리(앱 상호작용)/이 데이터는 앱에 필수인가요? 아니면 사용자가 수집 여부를 선택할 수 있나요?/데이터 수집은 필수입니다(사용자가 이 데이터 수집을 중지할 수 없음)
PSL_DATA_USAGE_RESPONSES:PSL_USER_INTERACTION:DATA_USAGE_COLLECTION_PURPOSE,PSL_APP_FUNCTIONALITY,true,MULTIPLE_CHOICE,데이터 취급 및 처리(앱 상호작용)/이 사용자 데이터가 수집되는 이유는 무엇인가요? 해당하는 항목을 모두 선택해 주세요./앱 기능
PSL_DATA_USAGE_RESPONSES:PSL_USER_INTERACTION:DATA_USAGE_COLLECTION_PURPOSE,PSL_ANALYTICS,true,MULTIPLE_CHOICE,데이터 취급 및 처리(앱 상호작용)/이 사용자 데이터가 수집되는 이유는 무엇인가요? 해당하는 항목을 모두 선택해 주세요./애널리틱스
PSL_DATA_USAGE_RESPONSES:PSL_USER_INTERACTION:DATA_USAGE_COLLECTION_PURPOSE,PSL_DEVELOPER_COMMUNICATIONS,,MULTIPLE_CHOICE,데이터 취급 및 처리(앱 상호작용)/이 사용자 데이터가 수집되는 이유는 무엇인가요? 해당하는 항목을 모두 선택해 주세요./개발자 커뮤니케이션
PSL_DATA_USAGE_RESPONSES:PSL_USER_INTERACTION:DATA_USAGE_COLLECTION_PURPOSE,PSL_FRAUD_PREVENTION_SECURITY,,MULTIPLE_CHOICE,"데이터 취급 및 처리(앱 상호작용)/이 사용자 데이터가 수집되는 이유는 무엇인가요? 해당하는 항목을 모두 선택해 주세요./사기 예방, 보안, 규정 준수"
PSL_DATA_USAGE_RESPONSES:PSL_USER_INTERACTION:DATA_USAGE_COLLECTION_PURPOSE,PSL_ADVERTISING,,MULTIPLE_CHOICE,데이터 취급 및 처리(앱 상호작용)/이 사용자 데이터가 수집되는 이유는 무엇인가요? 해당하는 항목을 모두 선택해 주세요./광고 또는 마케팅
PSL_DATA_USAGE_RESPONSES:PSL_USER_INTERACTION:DATA_USAGE_COLLECTION_PURPOSE,PSL_PERSONALIZATION,,MULTIPLE_CHOICE,데이터 취급 및 처리(앱 상호작용)/이 사용자 데이터가 수집되는 이유는 무엇인가요? 해당하는 항목을 모두 선택해 주세요./맞춤설정
PSL_DATA_USAGE_RESPONSES:PSL_USER_INTERACTION:DATA_USAGE_COLLECTION_PURPOSE,PSL_ACCOUNT_MANAGEMENT,,MULTIPLE_CHOICE,데이터 취급 및 처리(앱 상호작용)/이 사용자 데이터가 수집되는 이유는 무엇인가요? 해당하는 항목을 모두 선택해 주세요./계정 관리
PSL_DATA_USAGE_RESPONSES:PSL_USER_INTERACTION:DATA_USAGE_SHARING_PURPOSE,PSL_APP_FUNCTIONALITY,true,MULTIPLE_CHOICE,데이터 취급 및 처리(앱 상호작용)/이 사용자 데이터가 공유되는 이유는 무엇인가요? 해당하는 항목을 모두 선택해 주세요./앱 기능
PSL_DATA_USAGE_RESPONSES:PSL_USER_INTERACTION:DATA_USAGE_SHARING_PURPOSE,PSL_ANALYTICS,true,MULTIPLE_CHOICE,데이터 취급 및 처리(앱 상호작용)/이 사용자 데이터가 공유되는 이유는 무엇인가요? 해당하는 항목을 모두 선택해 주세요./애널리틱스
PSL_DATA_USAGE_RESPONSES:PSL_USER_INTERACTION:DATA_USAGE_SHARING_PURPOSE,PSL_DEVELOPER_COMMUNICATIONS,,MULTIPLE_CHOICE,데이터 취급 및 처리(앱 상호작용)/이 사용자 데이터가 공유되는 이유는 무엇인가요? 해당하는 항목을 모두 선택해 주세요./개발자 커뮤니케이션
PSL_DATA_USAGE_RESPONSES:PSL_USER_INTERACTION:DATA_USAGE_SHARING_PURPOSE,PSL_FRAUD_PREVENTION_SECURITY,true,MULTIPLE_CHOICE,"데이터 취급 및 처리(앱 상호작용)/이 사용자 데이터가 공유되는 이유는 무엇인가요? 해당하는 항목을 모두 선택해 주세요./사기 예방, 보안, 규정 준수"
PSL_DATA_USAGE_RESPONSES:PSL_USER_INTERACTION:DATA_USAGE_SHARING_PURPOSE,PSL_ADVERTISING,true,MULTIPLE_CHOICE,데이터 취급 및 처리(앱 상호작용)/이 사용자 데이터가 공유되는 이유는 무엇인가요? 해당하는 항목을 모두 선택해 주세요./광고 또는 마케팅
PSL_DATA_USAGE_RESPONSES:PSL_USER_INTERACTION:DATA_USAGE_SHARING_PURPOSE,PSL_PERSONALIZATION,,MULTIPLE_CHOICE,데이터 취급 및 처리(앱 상호작용)/이 사용자 데이터가 공유되는 이유는 무엇인가요? 해당하는 항목을 모두 선택해 주세요./맞춤설정
PSL_DATA_USAGE_RESPONSES:PSL_USER_INTERACTION:DATA_USAGE_SHARING_PURPOSE,PSL_ACCOUNT_MANAGEMENT,,MULTIPLE_CHOICE,데이터 취급 및 처리(앱 상호작용)/이 사용자 데이터가 공유되는 이유는 무엇인가요? 해당하는 항목을 모두 선택해 주세요./계정 관리
PSL_DATA_USAGE_RESPONSES:PSL_IN_APP_SEARCH_HISTORY:PSL_DATA_USAGE_COLLECTION_AND_SHARING,PSL_DATA_USAGE_ONLY_COLLECTED,,MULTIPLE_CHOICE,데이터 취급 및 처리(앱 내 검색 기록)/데이터를 수집 또는 공유하나요? 아니면 수집과 공유를 모두 하나요?/수집됨
PSL_DATA_USAGE_RESPONSES:PSL_IN_APP_SEARCH_HISTORY:PSL_DATA_USAGE_COLLECTION_AND_SHARING,PSL_DATA_USAGE_ONLY_SHARED,,MULTIPLE_CHOICE,데이터 취급 및 처리(앱 내 검색 기록)/데이터를 수집 또는 공유하나요? 아니면 수집과 공유를 모두 하나요?/공유됨
PSL_DATA_USAGE_RESPONSES:PSL_IN_APP_SEARCH_HISTORY:PSL_DATA_USAGE_EPHEMERAL,,,MAYBE_REQUIRED,데이터 취급 및 처리(앱 내 검색 기록)/이 데이터는 임시로 처리되나요?
PSL_DATA_USAGE_RESPONSES:PSL_IN_APP_SEARCH_HISTORY:DATA_USAGE_USER_CONTROL,PSL_DATA_USAGE_USER_CONTROL_OPTIONAL,,SINGLE_CHOICE,데이터 취급 및 처리(앱 내 검색 기록)/이 데이터는 앱에 필수인가요? 아니면 사용자가 수집 여부를 선택할 수 있나요?/사용자가 데이터의 수집 여부를 선택할 수 있습니다
PSL_DATA_USAGE_RESPONSES:PSL_IN_APP_SEARCH_HISTORY:DATA_USAGE_USER_CONTROL,PSL_DATA_USAGE_USER_CONTROL_REQUIRED,,SINGLE_CHOICE,데이터 취급 및 처리(앱 내 검색 기록)/이 데이터는 앱에 필수인가요? 아니면 사용자가 수집 여부를 선택할 수 있나요?/데이터 수집은 필수입니다(사용자가 이 데이터 수집을 중지할 수 없음)
PSL_DATA_USAGE_RESPONSES:PSL_IN_APP_SEARCH_HISTORY:DATA_USAGE_COLLECTION_PURPOSE,PSL_APP_FUNCTIONALITY,,MULTIPLE_CHOICE,데이터 취급 및 처리(앱 내 검색 기록)/이 사용자 데이터가 수집되는 이유는 무엇인가요? 해당하는 항목을 모두 선택해 주세요./앱 기능
PSL_DATA_USAGE_RESPONSES:PSL_IN_APP_SEARCH_HISTORY:DATA_USAGE_COLLECTION_PURPOSE,PSL_ANALYTICS,,MULTIPLE_CHOICE,데이터 취급 및 처리(앱 내 검색 기록)/이 사용자 데이터가 수집되는 이유는 무엇인가요? 해당하는 항목을 모두 선택해 주세요./애널리틱스
PSL_DATA_USAGE_RESPONSES:PSL_IN_APP_SEARCH_HISTORY:DATA_USAGE_COLLECTION_PURPOSE,PSL_DEVELOPER_COMMUNICATIONS,,MULTIPLE_CHOICE,데이터 취급 및 처리(앱 내 검색 기록)/이 사용자 데이터가 수집되는 이유는 무엇인가요? 해당하는 항목을 모두 선택해 주세요./개발자 커뮤니케이션
PSL_DATA_USAGE_RESPONSES:PSL_IN_APP_SEARCH_HISTORY:DATA_USAGE_COLLECTION_PURPOSE,PSL_FRAUD_PREVENTION_SECURITY,,MULTIPLE_CHOICE,"데이터 취급 및 처리(앱 내 검색 기록)/이 사용자 데이터가 수집되는 이유는 무엇인가요? 해당하는 항목을 모두 선택해 주세요./사기 예방, 보안, 규정 준수"
PSL_DATA_USAGE_RESPONSES:PSL_IN_APP_SEARCH_HISTORY:DATA_USAGE_COLLECTION_PURPOSE,PSL_ADVERTISING,,MULTIPLE_CHOICE,데이터 취급 및 처리(앱 내 검색 기록)/이 사용자 데이터가 수집되는 이유는 무엇인가요? 해당하는 항목을 모두 선택해 주세요./광고 또는 마케팅
PSL_DATA_USAGE_RESPONSES:PSL_IN_APP_SEARCH_HISTORY:DATA_USAGE_COLLECTION_PURPOSE,PSL_PERSONALIZATION,,MULTIPLE_CHOICE,데이터 취급 및 처리(앱 내 검색 기록)/이 사용자 데이터가 수집되는 이유는 무엇인가요? 해당하는 항목을 모두 선택해 주세요./맞춤설정
PSL_DATA_USAGE_RESPONSES:PSL_IN_APP_SEARCH_HISTORY:DATA_USAGE_COLLECTION_PURPOSE,PSL_ACCOUNT_MANAGEMENT,,MULTIPLE_CHOICE,데이터 취급 및 처리(앱 내 검색 기록)/이 사용자 데이터가 수집되는 이유는 무엇인가요? 해당하는 항목을 모두 선택해 주세요./계정 관리
PSL_DATA_USAGE_RESPONSES:PSL_IN_APP_SEARCH_HISTORY:DATA_USAGE_SHARING_PURPOSE,PSL_APP_FUNCTIONALITY,,MULTIPLE_CHOICE,데이터 취급 및 처리(앱 내 검색 기록)/이 사용자 데이터가 공유되는 이유는 무엇인가요? 해당하는 항목을 모두 선택해 주세요./앱 기능
PSL_DATA_USAGE_RESPONSES:PSL_IN_APP_SEARCH_HISTORY:DATA_USAGE_SHARING_PURPOSE,PSL_ANALYTICS,,MULTIPLE_CHOICE,데이터 취급 및 처리(앱 내 검색 기록)/이 사용자 데이터가 공유되는 이유는 무엇인가요? 해당하는 항목을 모두 선택해 주세요./애널리틱스
PSL_DATA_USAGE_RESPONSES:PSL_IN_APP_SEARCH_HISTORY:DATA_USAGE_SHARING_PURPOSE,PSL_DEVELOPER_COMMUNICATIONS,,MULTIPLE_CHOICE,데이터 취급 및 처리(앱 내 검색 기록)/이 사용자 데이터가 공유되는 이유는 무엇인가요? 해당하는 항목을 모두 선택해 주세요./개발자 커뮤니케이션
PSL_DATA_USAGE_RESPONSES:PSL_IN_APP_SEARCH_HISTORY:DATA_USAGE_SHARING_PURPOSE,PSL_FRAUD_PREVENTION_SECURITY,,MULTIPLE_CHOICE,"데이터 취급 및 처리(앱 내 검색 기록)/이 사용자 데이터가 공유되는 이유는 무엇인가요? 해당하는 항목을 모두 선택해 주세요./사기 예방, 보안, 규정 준수"
PSL_DATA_USAGE_RESPONSES:PSL_IN_APP_SEARCH_HISTORY:DATA_USAGE_SHARING_PURPOSE,PSL_ADVERTISING,,MULTIPLE_CHOICE,데이터 취급 및 처리(앱 내 검색 기록)/이 사용자 데이터가 공유되는 이유는 무엇인가요? 해당하는 항목을 모두 선택해 주세요./광고 또는 마케팅
PSL_DATA_USAGE_RESPONSES:PSL_IN_APP_SEARCH_HISTORY:DATA_USAGE_SHARING_PURPOSE,PSL_PERSONALIZATION,,MULTIPLE_CHOICE,데이터 취급 및 처리(앱 내 검색 기록)/이 사용자 데이터가 공유되는 이유는 무엇인가요? 해당하는 항목을 모두 선택해 주세요./맞춤설정
PSL_DATA_USAGE_RESPONSES:PSL_IN_APP_SEARCH_HISTORY:DATA_USAGE_SHARING_PURPOSE,PSL_ACCOUNT_MANAGEMENT,,MULTIPLE_CHOICE,데이터 취급 및 처리(앱 내 검색 기록)/이 사용자 데이터가 공유되는 이유는 무엇인가요? 해당하는 항목을 모두 선택해 주세요./계정 관리
PSL_DATA_USAGE_RESPONSES:PSL_APPS_ON_DEVICE:PSL_DATA_USAGE_COLLECTION_AND_SHARING,PSL_DATA_USAGE_ONLY_COLLECTED,,MULTIPLE_CHOICE,데이터 취급 및 처리(설치된 앱)/데이터를 수집 또는 공유하나요? 아니면 수집과 공유를 모두 하나요?/수집됨
PSL_DATA_USAGE_RESPONSES:PSL_APPS_ON_DEVICE:PSL_DATA_USAGE_COLLECTION_AND_SHARING,PSL_DATA_USAGE_ONLY_SHARED,,MULTIPLE_CHOICE,데이터 취급 및 처리(설치된 앱)/데이터를 수집 또는 공유하나요? 아니면 수집과 공유를 모두 하나요?/공유됨
PSL_DATA_USAGE_RESPONSES:PSL_APPS_ON_DEVICE:PSL_DATA_USAGE_EPHEMERAL,,,MAYBE_REQUIRED,데이터 취급 및 처리(설치된 앱)/이 데이터는 임시로 처리되나요?
PSL_DATA_USAGE_RESPONSES:PSL_APPS_ON_DEVICE:DATA_USAGE_USER_CONTROL,PSL_DATA_USAGE_USER_CONTROL_OPTIONAL,,SINGLE_CHOICE,데이터 취급 및 처리(설치된 앱)/이 데이터는 앱에 필수인가요? 아니면 사용자가 수집 여부를 선택할 수 있나요?/사용자가 데이터의 수집 여부를 선택할 수 있습니다
PSL_DATA_USAGE_RESPONSES:PSL_APPS_ON_DEVICE:DATA_USAGE_USER_CONTROL,PSL_DATA_USAGE_USER_CONTROL_REQUIRED,,SINGLE_CHOICE,데이터 취급 및 처리(설치된 앱)/이 데이터는 앱에 필수인가요? 아니면 사용자가 수집 여부를 선택할 수 있나요?/데이터 수집은 필수입니다(사용자가 이 데이터 수집을 중지할 수 없음)
PSL_DATA_USAGE_RESPONSES:PSL_APPS_ON_DEVICE:DATA_USAGE_COLLECTION_PURPOSE,PSL_APP_FUNCTIONALITY,,MULTIPLE_CHOICE,데이터 취급 및 처리(설치된 앱)/이 사용자 데이터가 수집되는 이유는 무엇인가요? 해당하는 항목을 모두 선택해 주세요./앱 기능
PSL_DATA_USAGE_RESPONSES:PSL_APPS_ON_DEVICE:DATA_USAGE_COLLECTION_PURPOSE,PSL_ANALYTICS,,MULTIPLE_CHOICE,데이터 취급 및 처리(설치된 앱)/이 사용자 데이터가 수집되는 이유는 무엇인가요? 해당하는 항목을 모두 선택해 주세요./애널리틱스
PSL_DATA_USAGE_RESPONSES:PSL_APPS_ON_DEVICE:DATA_USAGE_COLLECTION_PURPOSE,PSL_DEVELOPER_COMMUNICATIONS,,MULTIPLE_CHOICE,데이터 취급 및 처리(설치된 앱)/이 사용자 데이터가 수집되는 이유는 무엇인가요? 해당하는 항목을 모두 선택해 주세요./개발자 커뮤니케이션
PSL_DATA_USAGE_RESPONSES:PSL_APPS_ON_DEVICE:DATA_USAGE_COLLECTION_PURPOSE,PSL_FRAUD_PREVENTION_SECURITY,,MULTIPLE_CHOICE,"데이터 취급 및 처리(설치된 앱)/이 사용자 데이터가 수집되는 이유는 무엇인가요? 해당하는 항목을 모두 선택해 주세요./사기 예방, 보안, 규정 준수"
PSL_DATA_USAGE_RESPONSES:PSL_APPS_ON_DEVICE:DATA_USAGE_COLLECTION_PURPOSE,PSL_ADVERTISING,,MULTIPLE_CHOICE,데이터 취급 및 처리(설치된 앱)/이 사용자 데이터가 수집되는 이유는 무엇인가요? 해당하는 항목을 모두 선택해 주세요./광고 또는 마케팅
PSL_DATA_USAGE_RESPONSES:PSL_APPS_ON_DEVICE:DATA_USAGE_COLLECTION_PURPOSE,PSL_PERSONALIZATION,,MULTIPLE_CHOICE,데이터 취급 및 처리(설치된 앱)/이 사용자 데이터가 수집되는 이유는 무엇인가요? 해당하는 항목을 모두 선택해 주세요./맞춤설정
PSL_DATA_USAGE_RESPONSES:PSL_APPS_ON_DEVICE:DATA_USAGE_COLLECTION_PURPOSE,PSL_ACCOUNT_MANAGEMENT,,MULTIPLE_CHOICE,데이터 취급 및 처리(설치된 앱)/이 사용자 데이터가 수집되는 이유는 무엇인가요? 해당하는 항목을 모두 선택해 주세요./계정 관리
PSL_DATA_USAGE_RESPONSES:PSL_APPS_ON_DEVICE:DATA_USAGE_SHARING_PURPOSE,PSL_APP_FUNCTIONALITY,,MULTIPLE_CHOICE,데이터 취급 및 처리(설치된 앱)/이 사용자 데이터가 공유되는 이유는 무엇인가요? 해당하는 항목을 모두 선택해 주세요./앱 기능
PSL_DATA_USAGE_RESPONSES:PSL_APPS_ON_DEVICE:DATA_USAGE_SHARING_PURPOSE,PSL_ANALYTICS,,MULTIPLE_CHOICE,데이터 취급 및 처리(설치된 앱)/이 사용자 데이터가 공유되는 이유는 무엇인가요? 해당하는 항목을 모두 선택해 주세요./애널리틱스
PSL_DATA_USAGE_RESPONSES:PSL_APPS_ON_DEVICE:DATA_USAGE_SHARING_PURPOSE,PSL_DEVELOPER_COMMUNICATIONS,,MULTIPLE_CHOICE,데이터 취급 및 처리(설치된 앱)/이 사용자 데이터가 공유되는 이유는 무엇인가요? 해당하는 항목을 모두 선택해 주세요./개발자 커뮤니케이션
PSL_DATA_USAGE_RESPONSES:PSL_APPS_ON_DEVICE:DATA_USAGE_SHARING_PURPOSE,PSL_FRAUD_PREVENTION_SECURITY,,MULTIPLE_CHOICE,"데이터 취급 및 처리(설치된 앱)/이 사용자 데이터가 공유되는 이유는 무엇인가요? 해당하는 항목을 모두 선택해 주세요./사기 예방, 보안, 규정 준수"
PSL_DATA_USAGE_RESPONSES:PSL_APPS_ON_DEVICE:DATA_USAGE_SHARING_PURPOSE,PSL_ADVERTISING,,MULTIPLE_CHOICE,데이터 취급 및 처리(설치된 앱)/이 사용자 데이터가 공유되는 이유는 무엇인가요? 해당하는 항목을 모두 선택해 주세요./광고 또는 마케팅
PSL_DATA_USAGE_RESPONSES:PSL_APPS_ON_DEVICE:DATA_USAGE_SHARING_PURPOSE,PSL_PERSONALIZATION,,MULTIPLE_CHOICE,데이터 취급 및 처리(설치된 앱)/이 사용자 데이터가 공유되는 이유는 무엇인가요? 해당하는 항목을 모두 선택해 주세요./맞춤설정
PSL_DATA_USAGE_RESPONSES:PSL_APPS_ON_DEVICE:DATA_USAGE_SHARING_PURPOSE,PSL_ACCOUNT_MANAGEMENT,,MULTIPLE_CHOICE,데이터 취급 및 처리(설치된 앱)/이 사용자 데이터가 공유되는 이유는 무엇인가요? 해당하는 항목을 모두 선택해 주세요./계정 관리
PSL_DATA_USAGE_RESPONSES:PSL_USER_GENERATED_CONTENT:PSL_DATA_USAGE_COLLECTION_AND_SHARING,PSL_DATA_USAGE_ONLY_COLLECTED,true,MULTIPLE_CHOICE,데이터 취급 및 처리(기타 사용자 제작 콘텐츠)/데이터를 수집 또는 공유하나요? 아니면 수집과 공유를 모두 하나요?/수집됨
PSL_DATA_USAGE_RESPONSES:PSL_USER_GENERATED_CONTENT:PSL_DATA_USAGE_COLLECTION_AND_SHARING,PSL_DATA_USAGE_ONLY_SHARED,,MULTIPLE_CHOICE,데이터 취급 및 처리(기타 사용자 제작 콘텐츠)/데이터를 수집 또는 공유하나요? 아니면 수집과 공유를 모두 하나요?/공유됨
PSL_DATA_USAGE_RESPONSES:PSL_USER_GENERATED_CONTENT:PSL_DATA_USAGE_EPHEMERAL,,false,MAYBE_REQUIRED,데이터 취급 및 처리(기타 사용자 제작 콘텐츠)/이 데이터는 임시로 처리되나요?
PSL_DATA_USAGE_RESPONSES:PSL_USER_GENERATED_CONTENT:DATA_USAGE_USER_CONTROL,PSL_DATA_USAGE_USER_CONTROL_OPTIONAL,true,SINGLE_CHOICE,데이터 취급 및 처리(기타 사용자 제작 콘텐츠)/이 데이터는 앱에 필수인가요? 아니면 사용자가 수집 여부를 선택할 수 있나요?/사용자가 데이터의 수집 여부를 선택할 수 있습니다
PSL_DATA_USAGE_RESPONSES:PSL_USER_GENERATED_CONTENT:DATA_USAGE_USER_CONTROL,PSL_DATA_USAGE_USER_CONTROL_REQUIRED,,SINGLE_CHOICE,데이터 취급 및 처리(기타 사용자 제작 콘텐츠)/이 데이터는 앱에 필수인가요? 아니면 사용자가 수집 여부를 선택할 수 있나요?/데이터 수집은 필수입니다(사용자가 이 데이터 수집을 중지할 수 없음)
PSL_DATA_USAGE_RESPONSES:PSL_USER_GENERATED_CONTENT:DATA_USAGE_COLLECTION_PURPOSE,PSL_APP_FUNCTIONALITY,true,MULTIPLE_CHOICE,데이터 취급 및 처리(기타 사용자 제작 콘텐츠)/이 사용자 데이터가 수집되는 이유는 무엇인가요? 해당하는 항목을 모두 선택해 주세요./앱 기능
PSL_DATA_USAGE_RESPONSES:PSL_USER_GENERATED_CONTENT:DATA_USAGE_COLLECTION_PURPOSE,PSL_ANALYTICS,,MULTIPLE_CHOICE,데이터 취급 및 처리(기타 사용자 제작 콘텐츠)/이 사용자 데이터가 수집되는 이유는 무엇인가요? 해당하는 항목을 모두 선택해 주세요./애널리틱스
PSL_DATA_USAGE_RESPONSES:PSL_USER_GENERATED_CONTENT:DATA_USAGE_COLLECTION_PURPOSE,PSL_DEVELOPER_COMMUNICATIONS,,MULTIPLE_CHOICE,데이터 취급 및 처리(기타 사용자 제작 콘텐츠)/이 사용자 데이터가 수집되는 이유는 무엇인가요? 해당하는 항목을 모두 선택해 주세요./개발자 커뮤니케이션
PSL_DATA_USAGE_RESPONSES:PSL_USER_GENERATED_CONTENT:DATA_USAGE_COLLECTION_PURPOSE,PSL_FRAUD_PREVENTION_SECURITY,,MULTIPLE_CHOICE,"데이터 취급 및 처리(기타 사용자 제작 콘텐츠)/이 사용자 데이터가 수집되는 이유는 무엇인가요? 해당하는 항목을 모두 선택해 주세요./사기 예방, 보안, 규정 준수"
PSL_DATA_USAGE_RESPONSES:PSL_USER_GENERATED_CONTENT:DATA_USAGE_COLLECTION_PURPOSE,PSL_ADVERTISING,,MULTIPLE_CHOICE,데이터 취급 및 처리(기타 사용자 제작 콘텐츠)/이 사용자 데이터가 수집되는 이유는 무엇인가요? 해당하는 항목을 모두 선택해 주세요./광고 또는 마케팅
PSL_DATA_USAGE_RESPONSES:PSL_USER_GENERATED_CONTENT:DATA_USAGE_COLLECTION_PURPOSE,PSL_PERSONALIZATION,,MULTIPLE_CHOICE,데이터 취급 및 처리(기타 사용자 제작 콘텐츠)/이 사용자 데이터가 수집되는 이유는 무엇인가요? 해당하는 항목을 모두 선택해 주세요./맞춤설정
PSL_DATA_USAGE_RESPONSES:PSL_USER_GENERATED_CONTENT:DATA_USAGE_COLLECTION_PURPOSE,PSL_ACCOUNT_MANAGEMENT,,MULTIPLE_CHOICE,데이터 취급 및 처리(기타 사용자 제작 콘텐츠)/이 사용자 데이터가 수집되는 이유는 무엇인가요? 해당하는 항목을 모두 선택해 주세요./계정 관리
PSL_DATA_USAGE_RESPONSES:PSL_USER_GENERATED_CONTENT:DATA_USAGE_SHARING_PURPOSE,PSL_APP_FUNCTIONALITY,,MULTIPLE_CHOICE,데이터 취급 및 처리(기타 사용자 제작 콘텐츠)/이 사용자 데이터가 공유되는 이유는 무엇인가요? 해당하는 항목을 모두 선택해 주세요./앱 기능
PSL_DATA_USAGE_RESPONSES:PSL_USER_GENERATED_CONTENT:DATA_USAGE_SHARING_PURPOSE,PSL_ANALYTICS,,MULTIPLE_CHOICE,데이터 취급 및 처리(기타 사용자 제작 콘텐츠)/이 사용자 데이터가 공유되는 이유는 무엇인가요? 해당하는 항목을 모두 선택해 주세요./애널리틱스
PSL_DATA_USAGE_RESPONSES:PSL_USER_GENERATED_CONTENT:DATA_USAGE_SHARING_PURPOSE,PSL_DEVELOPER_COMMUNICATIONS,,MULTIPLE_CHOICE,데이터 취급 및 처리(기타 사용자 제작 콘텐츠)/이 사용자 데이터가 공유되는 이유는 무엇인가요? 해당하는 항목을 모두 선택해 주세요./개발자 커뮤니케이션
PSL_DATA_USAGE_RESPONSES:PSL_USER_GENERATED_CONTENT:DATA_USAGE_SHARING_PURPOSE,PSL_FRAUD_PREVENTION_SECURITY,,MULTIPLE_CHOICE,"데이터 취급 및 처리(기타 사용자 제작 콘텐츠)/이 사용자 데이터가 공유되는 이유는 무엇인가요? 해당하는 항목을 모두 선택해 주세요./사기 예방, 보안, 규정 준수"
PSL_DATA_USAGE_RESPONSES:PSL_USER_GENERATED_CONTENT:DATA_USAGE_SHARING_PURPOSE,PSL_ADVERTISING,,MULTIPLE_CHOICE,데이터 취급 및 처리(기타 사용자 제작 콘텐츠)/이 사용자 데이터가 공유되는 이유는 무엇인가요? 해당하는 항목을 모두 선택해 주세요./광고 또는 마케팅
PSL_DATA_USAGE_RESPONSES:PSL_USER_GENERATED_CONTENT:DATA_USAGE_SHARING_PURPOSE,PSL_PERSONALIZATION,,MULTIPLE_CHOICE,데이터 취급 및 처리(기타 사용자 제작 콘텐츠)/이 사용자 데이터가 공유되는 이유는 무엇인가요? 해당하는 항목을 모두 선택해 주세요./맞춤설정
PSL_DATA_USAGE_RESPONSES:PSL_USER_GENERATED_CONTENT:DATA_USAGE_SHARING_PURPOSE,PSL_ACCOUNT_MANAGEMENT,,MULTIPLE_CHOICE,데이터 취급 및 처리(기타 사용자 제작 콘텐츠)/이 사용자 데이터가 공유되는 이유는 무엇인가요? 해당하는 항목을 모두 선택해 주세요./계정 관리
PSL_DATA_USAGE_RESPONSES:PSL_OTHER_APP_ACTIVITY:PSL_DATA_USAGE_COLLECTION_AND_SHARING,PSL_DATA_USAGE_ONLY_COLLECTED,true,MULTIPLE_CHOICE,데이터 취급 및 처리(기타 작업)/데이터를 수집 또는 공유하나요? 아니면 수집과 공유를 모두 하나요?/수집됨
PSL_DATA_USAGE_RESPONSES:PSL_OTHER_APP_ACTIVITY:PSL_DATA_USAGE_COLLECTION_AND_SHARING,PSL_DATA_USAGE_ONLY_SHARED,,MULTIPLE_CHOICE,데이터 취급 및 처리(기타 작업)/데이터를 수집 또는 공유하나요? 아니면 수집과 공유를 모두 하나요?/공유됨
PSL_DATA_USAGE_RESPONSES:PSL_OTHER_APP_ACTIVITY:PSL_DATA_USAGE_EPHEMERAL,,false,MAYBE_REQUIRED,데이터 취급 및 처리(기타 작업)/이 데이터는 임시로 처리되나요?
PSL_DATA_USAGE_RESPONSES:PSL_OTHER_APP_ACTIVITY:DATA_USAGE_USER_CONTROL,PSL_DATA_USAGE_USER_CONTROL_OPTIONAL,true,SINGLE_CHOICE,데이터 취급 및 처리(기타 작업)/이 데이터는 앱에 필수인가요? 아니면 사용자가 수집 여부를 선택할 수 있나요?/사용자가 데이터의 수집 여부를 선택할 수 있습니다
PSL_DATA_USAGE_RESPONSES:PSL_OTHER_APP_ACTIVITY:DATA_USAGE_USER_CONTROL,PSL_DATA_USAGE_USER_CONTROL_REQUIRED,,SINGLE_CHOICE,데이터 취급 및 처리(기타 작업)/이 데이터는 앱에 필수인가요? 아니면 사용자가 수집 여부를 선택할 수 있나요?/데이터 수집은 필수입니다(사용자가 이 데이터 수집을 중지할 수 없음)
PSL_DATA_USAGE_RESPONSES:PSL_OTHER_APP_ACTIVITY:DATA_USAGE_COLLECTION_PURPOSE,PSL_APP_FUNCTIONALITY,true,MULTIPLE_CHOICE,데이터 취급 및 처리(기타 작업)/이 사용자 데이터가 수집되는 이유는 무엇인가요? 해당하는 항목을 모두 선택해 주세요./앱 기능
PSL_DATA_USAGE_RESPONSES:PSL_OTHER_APP_ACTIVITY:DATA_USAGE_COLLECTION_PURPOSE,PSL_ANALYTICS,,MULTIPLE_CHOICE,데이터 취급 및 처리(기타 작업)/이 사용자 데이터가 수집되는 이유는 무엇인가요? 해당하는 항목을 모두 선택해 주세요./애널리틱스
PSL_DATA_USAGE_RESPONSES:PSL_OTHER_APP_ACTIVITY:DATA_USAGE_COLLECTION_PURPOSE,PSL_DEVELOPER_COMMUNICATIONS,,MULTIPLE_CHOICE,데이터 취급 및 처리(기타 작업)/이 사용자 데이터가 수집되는 이유는 무엇인가요? 해당하는 항목을 모두 선택해 주세요./개발자 커뮤니케이션
PSL_DATA_USAGE_RESPONSES:PSL_OTHER_APP_ACTIVITY:DATA_USAGE_COLLECTION_PURPOSE,PSL_FRAUD_PREVENTION_SECURITY,,MULTIPLE_CHOICE,"데이터 취급 및 처리(기타 작업)/이 사용자 데이터가 수집되는 이유는 무엇인가요? 해당하는 항목을 모두 선택해 주세요./사기 예방, 보안, 규정 준수"
PSL_DATA_USAGE_RESPONSES:PSL_OTHER_APP_ACTIVITY:DATA_USAGE_COLLECTION_PURPOSE,PSL_ADVERTISING,,MULTIPLE_CHOICE,데이터 취급 및 처리(기타 작업)/이 사용자 데이터가 수집되는 이유는 무엇인가요? 해당하는 항목을 모두 선택해 주세요./광고 또는 마케팅
PSL_DATA_USAGE_RESPONSES:PSL_OTHER_APP_ACTIVITY:DATA_USAGE_COLLECTION_PURPOSE,PSL_PERSONALIZATION,,MULTIPLE_CHOICE,데이터 취급 및 처리(기타 작업)/이 사용자 데이터가 수집되는 이유는 무엇인가요? 해당하는 항목을 모두 선택해 주세요./맞춤설정
PSL_DATA_USAGE_RESPONSES:PSL_OTHER_APP_ACTIVITY:DATA_USAGE_COLLECTION_PURPOSE,PSL_ACCOUNT_MANAGEMENT,,MULTIPLE_CHOICE,데이터 취급 및 처리(기타 작업)/이 사용자 데이터가 수집되는 이유는 무엇인가요? 해당하는 항목을 모두 선택해 주세요./계정 관리
PSL_DATA_USAGE_RESPONSES:PSL_OTHER_APP_ACTIVITY:DATA_USAGE_SHARING_PURPOSE,PSL_APP_FUNCTIONALITY,,MULTIPLE_CHOICE,데이터 취급 및 처리(기타 작업)/이 사용자 데이터가 공유되는 이유는 무엇인가요? 해당하는 항목을 모두 선택해 주세요./앱 기능
PSL_DATA_USAGE_RESPONSES:PSL_OTHER_APP_ACTIVITY:DATA_USAGE_SHARING_PURPOSE,PSL_ANALYTICS,,MULTIPLE_CHOICE,데이터 취급 및 처리(기타 작업)/이 사용자 데이터가 공유되는 이유는 무엇인가요? 해당하는 항목을 모두 선택해 주세요./애널리틱스
PSL_DATA_USAGE_RESPONSES:PSL_OTHER_APP_ACTIVITY:DATA_USAGE_SHARING_PURPOSE,PSL_DEVELOPER_COMMUNICATIONS,,MULTIPLE_CHOICE,데이터 취급 및 처리(기타 작업)/이 사용자 데이터가 공유되는 이유는 무엇인가요? 해당하는 항목을 모두 선택해 주세요./개발자 커뮤니케이션
PSL_DATA_USAGE_RESPONSES:PSL_OTHER_APP_ACTIVITY:DATA_USAGE_SHARING_PURPOSE,PSL_FRAUD_PREVENTION_SECURITY,,MULTIPLE_CHOICE,"데이터 취급 및 처리(기타 작업)/이 사용자 데이터가 공유되는 이유는 무엇인가요? 해당하는 항목을 모두 선택해 주세요./사기 예방, 보안, 규정 준수"
PSL_DATA_USAGE_RESPONSES:PSL_OTHER_APP_ACTIVITY:DATA_USAGE_SHARING_PURPOSE,PSL_ADVERTISING,,MULTIPLE_CHOICE,데이터 취급 및 처리(기타 작업)/이 사용자 데이터가 공유되는 이유는 무엇인가요? 해당하는 항목을 모두 선택해 주세요./광고 또는 마케팅
PSL_DATA_USAGE_RESPONSES:PSL_OTHER_APP_ACTIVITY:DATA_USAGE_SHARING_PURPOSE,PSL_PERSONALIZATION,,MULTIPLE_CHOICE,데이터 취급 및 처리(기타 작업)/이 사용자 데이터가 공유되는 이유는 무엇인가요? 해당하는 항목을 모두 선택해 주세요./맞춤설정
PSL_DATA_USAGE_RESPONSES:PSL_OTHER_APP_ACTIVITY:DATA_USAGE_SHARING_PURPOSE,PSL_ACCOUNT_MANAGEMENT,,MULTIPLE_CHOICE,데이터 취급 및 처리(기타 작업)/이 사용자 데이터가 공유되는 이유는 무엇인가요? 해당하는 항목을 모두 선택해 주세요./계정 관리
PSL_DATA_USAGE_RESPONSES:PSL_DEVICE_ID:PSL_DATA_USAGE_COLLECTION_AND_SHARING,PSL_DATA_USAGE_ONLY_COLLECTED,true,MULTIPLE_CHOICE,데이터 취급 및 처리(기기 또는 기타 ID)/데이터를 수집 또는 공유하나요? 아니면 수집과 공유를 모두 하나요?/수집됨
PSL_DATA_USAGE_RESPONSES:PSL_DEVICE_ID:PSL_DATA_USAGE_COLLECTION_AND_SHARING,PSL_DATA_USAGE_ONLY_SHARED,true,MULTIPLE_CHOICE,데이터 취급 및 처리(기기 또는 기타 ID)/데이터를 수집 또는 공유하나요? 아니면 수집과 공유를 모두 하나요?/공유됨
PSL_DATA_USAGE_RESPONSES:PSL_DEVICE_ID:PSL_DATA_USAGE_EPHEMERAL,,false,MAYBE_REQUIRED,데이터 취급 및 처리(기기 또는 기타 ID)/이 데이터는 임시로 처리되나요?
PSL_DATA_USAGE_RESPONSES:PSL_DEVICE_ID:DATA_USAGE_USER_CONTROL,PSL_DATA_USAGE_USER_CONTROL_OPTIONAL,true,SINGLE_CHOICE,데이터 취급 및 처리(기기 또는 기타 ID)/이 데이터는 앱에 필수인가요? 아니면 사용자가 수집 여부를 선택할 수 있나요?/사용자가 데이터의 수집 여부를 선택할 수 있습니다
PSL_DATA_USAGE_RESPONSES:PSL_DEVICE_ID:DATA_USAGE_USER_CONTROL,PSL_DATA_USAGE_USER_CONTROL_REQUIRED,,SINGLE_CHOICE,데이터 취급 및 처리(기기 또는 기타 ID)/이 데이터는 앱에 필수인가요? 아니면 사용자가 수집 여부를 선택할 수 있나요?/데이터 수집은 필수입니다(사용자가 이 데이터 수집을 중지할 수 없음)
PSL_DATA_USAGE_RESPONSES:PSL_DEVICE_ID:DATA_USAGE_COLLECTION_PURPOSE,PSL_APP_FUNCTIONALITY,true,MULTIPLE_CHOICE,데이터 취급 및 처리(기기 또는 기타 ID)/이 사용자 데이터가 수집되는 이유는 무엇인가요? 해당하는 항목을 모두 선택해 주세요./앱 기능
PSL_DATA_USAGE_RESPONSES:PSL_DEVICE_ID:DATA_USAGE_COLLECTION_PURPOSE,PSL_ANALYTICS,,MULTIPLE_CHOICE,데이터 취급 및 처리(기기 또는 기타 ID)/이 사용자 데이터가 수집되는 이유는 무엇인가요? 해당하는 항목을 모두 선택해 주세요./애널리틱스
PSL_DATA_USAGE_RESPONSES:PSL_DEVICE_ID:DATA_USAGE_COLLECTION_PURPOSE,PSL_DEVELOPER_COMMUNICATIONS,true,MULTIPLE_CHOICE,데이터 취급 및 처리(기기 또는 기타 ID)/이 사용자 데이터가 수집되는 이유는 무엇인가요? 해당하는 항목을 모두 선택해 주세요./개발자 커뮤니케이션
PSL_DATA_USAGE_RESPONSES:PSL_DEVICE_ID:DATA_USAGE_COLLECTION_PURPOSE,PSL_FRAUD_PREVENTION_SECURITY,,MULTIPLE_CHOICE,"데이터 취급 및 처리(기기 또는 기타 ID)/이 사용자 데이터가 수집되는 이유는 무엇인가요? 해당하는 항목을 모두 선택해 주세요./사기 예방, 보안, 규정 준수"
PSL_DATA_USAGE_RESPONSES:PSL_DEVICE_ID:DATA_USAGE_COLLECTION_PURPOSE,PSL_ADVERTISING,,MULTIPLE_CHOICE,데이터 취급 및 처리(기기 또는 기타 ID)/이 사용자 데이터가 수집되는 이유는 무엇인가요? 해당하는 항목을 모두 선택해 주세요./광고 또는 마케팅
PSL_DATA_USAGE_RESPONSES:PSL_DEVICE_ID:DATA_USAGE_COLLECTION_PURPOSE,PSL_PERSONALIZATION,,MULTIPLE_CHOICE,데이터 취급 및 처리(기기 또는 기타 ID)/이 사용자 데이터가 수집되는 이유는 무엇인가요? 해당하는 항목을 모두 선택해 주세요./맞춤설정
PSL_DATA_USAGE_RESPONSES:PSL_DEVICE_ID:DATA_USAGE_COLLECTION_PURPOSE,PSL_ACCOUNT_MANAGEMENT,,MULTIPLE_CHOICE,데이터 취급 및 처리(기기 또는 기타 ID)/이 사용자 데이터가 수집되는 이유는 무엇인가요? 해당하는 항목을 모두 선택해 주세요./계정 관리
PSL_DATA_USAGE_RESPONSES:PSL_DEVICE_ID:DATA_USAGE_SHARING_PURPOSE,PSL_APP_FUNCTIONALITY,,MULTIPLE_CHOICE,데이터 취급 및 처리(기기 또는 기타 ID)/이 사용자 데이터가 공유되는 이유는 무엇인가요? 해당하는 항목을 모두 선택해 주세요./앱 기능
PSL_DATA_USAGE_RESPONSES:PSL_DEVICE_ID:DATA_USAGE_SHARING_PURPOSE,PSL_ANALYTICS,true,MULTIPLE_CHOICE,데이터 취급 및 처리(기기 또는 기타 ID)/이 사용자 데이터가 공유되는 이유는 무엇인가요? 해당하는 항목을 모두 선택해 주세요./애널리틱스
PSL_DATA_USAGE_RESPONSES:PSL_DEVICE_ID:DATA_USAGE_SHARING_PURPOSE,PSL_DEVELOPER_COMMUNICATIONS,,MULTIPLE_CHOICE,데이터 취급 및 처리(기기 또는 기타 ID)/이 사용자 데이터가 공유되는 이유는 무엇인가요? 해당하는 항목을 모두 선택해 주세요./개발자 커뮤니케이션
PSL_DATA_USAGE_RESPONSES:PSL_DEVICE_ID:DATA_USAGE_SHARING_PURPOSE,PSL_FRAUD_PREVENTION_SECURITY,true,MULTIPLE_CHOICE,"데이터 취급 및 처리(기기 또는 기타 ID)/이 사용자 데이터가 공유되는 이유는 무엇인가요? 해당하는 항목을 모두 선택해 주세요./사기 예방, 보안, 규정 준수"
PSL_DATA_USAGE_RESPONSES:PSL_DEVICE_ID:DATA_USAGE_SHARING_PURPOSE,PSL_ADVERTISING,true,MULTIPLE_CHOICE,데이터 취급 및 처리(기기 또는 기타 ID)/이 사용자 데이터가 공유되는 이유는 무엇인가요? 해당하는 항목을 모두 선택해 주세요./광고 또는 마케팅
PSL_DATA_USAGE_RESPONSES:PSL_DEVICE_ID:DATA_USAGE_SHARING_PURPOSE,PSL_PERSONALIZATION,,MULTIPLE_CHOICE,데이터 취급 및 처리(기기 또는 기타 ID)/이 사용자 데이터가 공유되는 이유는 무엇인가요? 해당하는 항목을 모두 선택해 주세요./맞춤설정
PSL_DATA_USAGE_RESPONSES:PSL_DEVICE_ID:DATA_USAGE_SHARING_PURPOSE,PSL_ACCOUNT_MANAGEMENT,,MULTIPLE_CHOICE,데이터 취급 및 처리(기기 또는 기타 ID)/이 사용자 데이터가 공유되는 이유는 무엇인가요? 해당하는 항목을 모두 선택해 주세요./계정 관리
